TransactionID,CustomerID,TranDate,Amount,PaymentMethod,Status,Status_clean,NegativeFlag,YearMonth,Name,Region,SignupDate,Q1,Q3,IQR,OutlierFlag
579,1004,2024-06-26 15:23:26.428171,1737.08,Cash,Completed,Completed,0,202406,Cust_1004,East,2024-01-05 15:23:26.415083,-180.24,603.4200000000001,783.6600000000001,Normal
7,1004,2023-11-22 15:23:26.416183,1674.65,Check,Completed,Completed,0,202311,Cust_1004,East,2024-01-05 15:23:26.415083,-180.24,603.4200000000001,783.6600000000001,Normal
409,1009,2024-09-10 15:23:26.424583,1159.14,Card,Completed,Completed,0,202409,Cust_1009,East,2025-05-07 15:23:26.415133,-180.24,603.4200000000001,783.6600000000001,Normal
161,1006,2025-09-18 15:23:26.419434,1145.45,Check,Completed,Completed,0,202509,Cust_1006,East,2023-05-22 15:23:26.415103,-180.24,603.4200000000001,783.6600000000001,Normal
340,1009,2025-06-10 15:23:26.423150,1131.3,Check,Completed,Completed,0,202506,Cust_1009,East,2025-05-07 15:23:26.415133,-180.24,603.4200000000001,783.6600000000001,Normal
198,1000,2025-10-01 15:23:26.420177,1057.9,ACH,Completed,Completed,0,202510,Cust_1000,East,2025-06-13 15:23:26.415020,-180.24,603.4200000000001,783.6600000000001,Normal
461,1009,2025-07-22 15:23:26.425642,1012.87,ACH,Completed,Completed,0,202507,Cust_1009,East,2025-05-07 15:23:26.415133,-180.24,603.4200000000001,783.6600000000001,Normal
385,1006,2023-12-08 15:23:26.424080,968.15,Cash,Completed,Completed,0,202312,Cust_1006,East,2023-05-22 15:23:26.415103,-180.24,603.4200000000001,783.6600000000001,Normal
367,1009,2025-05-02 15:23:26.423724,946.37,ACH,Completed,Completed,0,202505,Cust_1009,East,2025-05-07 15:23:26.415133,-180.24,603.4200000000001,783.6600000000001,Normal
331,1004,2025-10-08 15:23:26.422974,885.93,Card,Completed,Completed,0,202510,Cust_1004,East,2024-01-05 15:23:26.415083,-180.24,603.4200000000001,783.6600000000001,Normal
542,1009,2023-11-03 15:23:26.427419,854.4,Cash,Completed,Completed,0,202311,Cust_1009,East,2025-05-07 15:23:26.415133,-180.24,603.4200000000001,783.6600000000001,Normal
383,1000,2024-01-18 15:23:26.424042,837.92,Card,Completed,Completed,0,202401,Cust_1000,East,2025-06-13 15:23:26.415020,-180.24,603.4200000000001,783.6600000000001,Normal
225,1009,2024-05-20 15:23:26.420738,775.63,Check,Completed,Completed,0,202405,Cust_1009,East,2025-05-07 15:23:26.415133,-180.24,603.4200000000001,783.6600000000001,Normal
61,1004,2025-02-04 15:23:26.417336,766.11,Cash,Completed,Completed,0,202502,Cust_1004,East,2024-01-05 15:23:26.415083,-180.24,603.4200000000001,783.6600000000001,Normal
264,1004,2025-03-21 15:23:26.421546,756.68,ACH,Completed,Completed,0,202503,Cust_1004,East,2024-01-05 15:23:26.415083,-180.24,603.4200000000001,783.6600000000001,Normal
285,1009,2024-09-18 15:23:26.422024,732.66,ACH,Completed,Completed,0,202409,Cust_1009,East,2025-05-07 15:23:26.415133,-180.24,603.4200000000001,783.6600000000001,Normal
238,1006,2023-12-17 15:23:26.420995,730.27,Card,Completed,Completed,0,202312,Cust_1006,East,2023-05-22 15:23:26.415103,-180.24,603.4200000000001,783.6600000000001,Normal
327,1004,2023-11-29 15:23:26.422893,729.62,Cash,Completed,Completed,0,202311,Cust_1004,East,2024-01-05 15:23:26.415083,-180.24,603.4200000000001,783.6600000000001,Normal
384,1006,2024-11-06 15:23:26.424061,720.08,Card,Completed,Completed,0,202411,Cust_1006,East,2023-05-22 15:23:26.415103,-180.24,603.4200000000001,783.6600000000001,Normal
23,1004,2025-08-24 15:23:26.416547,679.12,Check,Completed,Completed,0,202508,Cust_1004,East,2024-01-05 15:23:26.415083,-180.24,603.4200000000001,783.6600000000001,Normal
263,1006,2025-08-16 15:23:26.421527,675.04,Cash,Completed,Completed,0,202508,Cust_1006,East,2023-05-22 15:23:26.415103,-180.24,603.4200000000001,783.6600000000001,Normal
330,1009,2024-04-09 15:23:26.422955,664.24,Card,Completed,Completed,0,202404,Cust_1009,East,2025-05-07 15:23:26.415133,-180.24,603.4200000000001,783.6600000000001,Normal
515,1006,2025-07-03 15:23:26.426838,643.82,Card,Completed,Completed,0,202507,Cust_1006,East,2023-05-22 15:23:26.415103,-180.24,603.4200000000001,783.6600000000001,Normal
128,1004,2025-06-30 15:23:26.418755,641.92,ACH,Refunded,Refunded,0,202506,Cust_1004,East,2024-01-05 15:23:26.415083,-180.24,603.4200000000001,783.6600000000001,Normal
159,1006,2025-08-29 15:23:26.419395,637.93,Check,Completed,Completed,0,202508,Cust_1006,East,2023-05-22 15:23:26.415103,-180.24,603.4200000000001,783.6600000000001,Normal
372,1009,2025-01-30 15:23:26.423824,637.64,Check,Completed,Completed,0,202501,Cust_1009,East,2025-05-07 15:23:26.415133,-180.24,603.4200000000001,783.6600000000001,Normal
565,1004,2025-05-05 15:23:26.427888,630.29,ACH,Completed,Completed,0,202505,Cust_1004,East,2024-01-05 15:23:26.415083,-180.24,603.4200000000001,783.6600000000001,Normal
520,1009,2025-06-20 15:23:26.426942,624.03,Cash,Completed,Completed,0,202506,Cust_1009,East,2025-05-07 15:23:26.415133,-180.24,603.4200000000001,783.6600000000001,Normal
75,1000,2025-04-29 15:23:26.417614,619.24,ACH,Completed,Completed,0,202504,Cust_1000,East,2025-06-13 15:23:26.415020,-180.24,603.4200000000001,783.6600000000001,Normal
69,1004,2025-08-31 15:23:26.417497,604.73,Card,Completed,Completed,0,202508,Cust_1004,East,2024-01-05 15:23:26.415083,-180.24,603.4200000000001,783.6600000000001,Normal
11,1009,2023-10-26 15:23:26.416300,599.49,Cash,Completed,Completed,0,202310,Cust_1009,East,2025-05-07 15:23:26.415133,-180.24,603.4200000000001,783.6600000000001,Normal
421,1009,2024-12-29 15:23:26.424821,596.03,Check,Completed,Completed,0,202412,Cust_1009,East,2025-05-07 15:23:26.415133,-180.24,603.4200000000001,783.6600000000001,Normal
258,1006,2025-03-08 15:23:26.421420,593.95,Check,Completed,Completed,0,202503,Cust_1006,East,2023-05-22 15:23:26.415103,-180.24,603.4200000000001,783.6600000000001,Normal
160,1004,2024-12-22 15:23:26.419415,586.47,Card,Completed,Completed,0,202412,Cust_1004,East,2024-01-05 15:23:26.415083,-180.24,603.4200000000001,783.6600000000001,Normal
197,1009,2025-04-06 15:23:26.420157,580.62,Cash,Completed,Completed,0,202504,Cust_1009,East,2025-05-07 15:23:26.415133,-180.24,603.4200000000001,783.6600000000001,Normal
135,1006,2025-06-03 15:23:26.418899,577.07,Cash,Completed,Completed,0,202506,Cust_1006,East,2023-05-22 15:23:26.415103,-180.24,603.4200000000001,783.6600000000001,Normal
282,1006,2024-03-02 15:23:26.421954,576.19,Check,Refunded,Refunded,0,202403,Cust_1006,East,2023-05-22 15:23:26.415103,-180.24,603.4200000000001,783.6600000000001,Normal
26,1000,2024-01-09 15:23:26.416605,529.42,Check,Completed,Completed,0,202401,Cust_1000,East,2025-06-13 15:23:26.415020,-180.24,603.4200000000001,783.6600000000001,Normal
181,1004,2024-10-30 15:23:26.419842,509.63,Check,Completed,Completed,0,202410,Cust_1004,East,2024-01-05 15:23:26.415083,-180.24,603.4200000000001,783.6600000000001,Normal
125,1009,2023-10-27 15:23:26.418694,484.01,Card,Completed,Completed,0,202310,Cust_1009,East,2025-05-07 15:23:26.415133,-180.24,603.4200000000001,783.6600000000001,Normal
221,1009,2024-11-12 15:23:26.420658,452.74,Check,Completed,Completed,0,202411,Cust_1009,East,2025-05-07 15:23:26.415133,-180.24,603.4200000000001,783.6600000000001,Normal
156,1004,2025-10-15 15:23:26.419337,452.31,Cash,Completed,Completed,0,202510,Cust_1004,East,2024-01-05 15:23:26.415083,-180.24,603.4200000000001,783.6600000000001,Normal
349,1009,2024-05-14 15:23:26.423353,420.95,Cash,Completed,Completed,0,202405,Cust_1009,East,2025-05-07 15:23:26.415133,-180.24,603.4200000000001,783.6600000000001,Normal
476,1004,2025-01-03 15:23:26.425982,391.97,Cash,Completed,Completed,0,202501,Cust_1004,East,2024-01-05 15:23:26.415083,-180.24,603.4200000000001,783.6600000000001,Normal
465,1009,2025-05-11 15:23:26.425762,375.09,Check,Completed,Completed,0,202505,Cust_1009,East,2025-05-07 15:23:26.415133,-180.24,603.4200000000001,783.6600000000001,Normal
366,1004,2024-02-10 15:23:26.423702,360.15,ACH,Completed,Completed,0,202402,Cust_1004,East,2024-01-05 15:23:26.415083,-180.24,603.4200000000001,783.6600000000001,Normal
141,1000,2024-06-16 15:23:26.419015,358.74,ACH,Completed,Completed,0,202406,Cust_1000,East,2025-06-13 15:23:26.415020,-180.24,603.4200000000001,783.6600000000001,Normal
325,1000,2024-04-29 15:23:26.422854,352.77,ACH,Completed,Completed,0,202404,Cust_1000,East,2025-06-13 15:23:26.415020,-180.24,603.4200000000001,783.6600000000001,Normal
426,1006,2025-10-19 15:23:26.424918,352.5,ACH,,Unknown,0,202510,Cust_1006,East,2023-05-22 15:23:26.415103,-180.24,603.4200000000001,783.6600000000001,Normal
490,1000,2025-08-22 15:23:26.426257,347.25,Cash,Refunded,Refunded,0,202508,Cust_1000,East,2025-06-13 15:23:26.415020,-180.24,603.4200000000001,783.6600000000001,Normal
290,1006,2025-02-07 15:23:26.422122,330.3,Cash,Completed,Completed,0,202502,Cust_1006,East,2023-05-22 15:23:26.415103,-180.24,603.4200000000001,783.6600000000001,Normal
429,1000,2024-07-05 15:23:26.424976,329.0,Cash,Completed,Completed,0,202407,Cust_1000,East,2025-06-13 15:23:26.415020,-180.24,603.4200000000001,783.6600000000001,Normal
43,1009,2025-08-13 15:23:26.416944,309.06,Check,Completed,Completed,0,202508,Cust_1009,East,2025-05-07 15:23:26.415133,-180.24,603.4200000000001,783.6600000000001,Normal
18,1006,2025-01-24 15:23:26.416449,308.13,Cash,Refunded,Refunded,0,202501,Cust_1006,East,2023-05-22 15:23:26.415103,-180.24,603.4200000000001,783.6600000000001,Normal
175,1009,2023-11-15 15:23:26.419723,299.65,Cash,Completed,Completed,0,202311,Cust_1009,East,2025-05-07 15:23:26.415133,-180.24,603.4200000000001,783.6600000000001,Normal
526,1004,2024-06-02 15:23:26.427059,285.55,ACH,Completed,Completed,0,202406,Cust_1004,East,2024-01-05 15:23:26.415083,-180.24,603.4200000000001,783.6600000000001,Normal
445,1009,2024-01-29 15:23:26.425323,279.99,Cash,Completed,Completed,0,202401,Cust_1009,East,2025-05-07 15:23:26.415133,-180.24,603.4200000000001,783.6600000000001,Normal
547,1006,2024-10-20 15:23:26.427521,274.9,Card,Completed,Completed,0,202410,Cust_1006,East,2023-05-22 15:23:26.415103,-180.24,603.4200000000001,783.6600000000001,Normal
546,1006,2023-11-23 15:23:26.427502,271.52,Card,Refunded,Refunded,0,202311,Cust_1006,East,2023-05-22 15:23:26.415103,-180.24,603.4200000000001,783.6600000000001,Normal
136,1000,2024-10-10 15:23:26.418918,248.13,Check,Refunded,Refunded,0,202410,Cust_1000,East,2025-06-13 15:23:26.415020,-180.24,603.4200000000001,783.6600000000001,Normal
354,1006,2025-02-28 15:23:26.423451,220.63,Cash,Completed,Completed,0,202502,Cust_1006,East,2023-05-22 15:23:26.415103,-180.24,603.4200000000001,783.6600000000001,Normal
74,1000,2024-02-05 15:23:26.417595,219.72,Cash,Completed,Completed,0,202402,Cust_1000,East,2025-06-13 15:23:26.415020,-180.24,603.4200000000001,783.6600000000001,Normal
482,1006,2024-05-15 15:23:26.426101,205.67,ACH,Completed,Completed,0,202405,Cust_1006,East,2023-05-22 15:23:26.415103,-180.24,603.4200000000001,783.6600000000001,Normal
40,1006,2024-09-19 15:23:26.416886,187.4,ACH,Completed,Completed,0,202409,Cust_1006,East,2023-05-22 15:23:26.415103,-180.24,603.4200000000001,783.6600000000001,Normal
245,1006,2024-04-24 15:23:26.421138,181.95,ACH,Completed,Completed,0,202404,Cust_1006,East,2023-05-22 15:23:26.415103,-180.24,603.4200000000001,783.6600000000001,Normal
396,1004,2024-07-23 15:23:26.424324,161.04,Card,Completed,Completed,0,202407,Cust_1004,East,2024-01-05 15:23:26.415083,-180.24,603.4200000000001,783.6600000000001,Normal
400,1004,2024-11-18 15:23:26.424407,144.42,Cash,Completed,Completed,0,202411,Cust_1004,East,2024-01-05 15:23:26.415083,-180.24,603.4200000000001,783.6600000000001,Normal
146,1009,2025-02-15 15:23:26.419115,138.51,ACH,Completed,Completed,0,202502,Cust_1009,East,2025-05-07 15:23:26.415133,-180.24,603.4200000000001,783.6600000000001,Normal
411,1009,2024-06-20 15:23:26.424621,132.5,Check,Completed,Completed,0,202406,Cust_1009,East,2025-05-07 15:23:26.415133,-180.24,603.4200000000001,783.6600000000001,Normal
352,1009,2025-04-13 15:23:26.423412,131.58,Check,Refunded,Refunded,0,202504,Cust_1009,East,2025-05-07 15:23:26.415133,-180.24,603.4200000000001,783.6600000000001,Normal
306,1000,2023-12-16 15:23:26.422481,113.33,Cash,,Unknown,0,202312,Cust_1000,East,2025-06-13 15:23:26.415020,-180.24,603.4200000000001,783.6600000000001,Normal
522,1000,2025-05-01 15:23:26.426981,110.14,Card,Completed,Completed,0,202505,Cust_1000,East,2025-06-13 15:23:26.415020,-180.24,603.4200000000001,783.6600000000001,Normal
460,1000,2025-03-11 15:23:26.425622,107.28,Card,Completed,Completed,0,202503,Cust_1000,East,2025-06-13 15:23:26.415020,-180.24,603.4200000000001,783.6600000000001,Normal
316,1004,2024-03-10 15:23:26.422677,92.36,Card,Completed,Completed,0,202403,Cust_1004,East,2024-01-05 15:23:26.415083,-180.24,603.4200000000001,783.6600000000001,Normal
428,1006,2024-05-06 15:23:26.424957,82.35,Cash,Completed,Completed,0,202405,Cust_1006,East,2023-05-22 15:23:26.415103,-180.24,603.4200000000001,783.6600000000001,Normal
420,1006,2025-03-05 15:23:26.424802,78.13,ACH,Completed,Completed,0,202503,Cust_1006,East,2023-05-22 15:23:26.415103,-180.24,603.4200000000001,783.6600000000001,Normal
42,1004,2025-06-15 15:23:26.416925,59.37,Check,Completed,Completed,0,202506,Cust_1004,East,2024-01-05 15:23:26.415083,-180.24,603.4200000000001,783.6600000000001,Normal
492,1009,2025-03-04 15:23:26.426324,41.78,ACH,Completed,Completed,0,202503,Cust_1009,East,2025-05-07 15:23:26.415133,-180.24,603.4200000000001,783.6600000000001,Normal
437,1000,2024-07-27 15:23:26.425134,17.4,Cash,Completed,Completed,0,202407,Cust_1000,East,2025-06-13 15:23:26.415020,-180.24,603.4200000000001,783.6600000000001,Normal
292,1000,2025-03-11 15:23:26.422161,-0.21,ACH,Completed,Completed,1,202503,Cust_1000,East,2025-06-13 15:23:26.415020,-180.24,603.4200000000001,783.6600000000001,Normal
443,1009,2024-09-01 15:23:26.425256,-16.69,Card,Completed,Completed,1,202409,Cust_1009,East,2025-05-07 15:23:26.415133,-180.24,603.4200000000001,783.6600000000001,Normal
424,1009,2025-03-01 15:23:26.424880,-17.89,ACH,Completed,Completed,1,202503,Cust_1009,East,2025-05-07 15:23:26.415133,-180.24,603.4200000000001,783.6600000000001,Normal
386,1000,2025-08-10 15:23:26.424100,-18.33,ACH,Completed,Completed,1,202508,Cust_1000,East,2025-06-13 15:23:26.415020,-180.24,603.4200000000001,783.6600000000001,Normal
90,1004,2025-10-06 15:23:26.417970,-23.91,Card,Completed,Completed,1,202510,Cust_1004,East,2024-01-05 15:23:26.415083,-180.24,603.4200000000001,783.6600000000001,Normal
362,1006,2024-09-10 15:23:26.423625,-37.84,Check,Completed,Completed,1,202409,Cust_1006,East,2023-05-22 15:23:26.415103,-180.24,603.4200000000001,783.6600000000001,Normal
182,1004,2025-07-25 15:23:26.419862,-107.79,ACH,Completed,Completed,1,202507,Cust_1004,East,2024-01-05 15:23:26.415083,-180.24,603.4200000000001,783.6600000000001,Normal
241,1004,2023-11-20 15:23:26.421057,-138.92,Cash,Completed,Completed,1,202311,Cust_1004,East,2024-01-05 15:23:26.415083,-180.24,603.4200000000001,783.6600000000001,Normal
168,1009,2025-04-16 15:23:26.419575,-148.02,Check,Refunded,Refunded,1,202504,Cust_1009,East,2025-05-07 15:23:26.415133,-180.24,603.4200000000001,783.6600000000001,Normal
395,1009,2025-03-23 15:23:26.424302,-190.98,Cash,Completed,Completed,1,202503,Cust_1009,East,2025-05-07 15:23:26.415133,-180.24,603.4200000000001,783.6600000000001,Normal
87,1006,2024-06-11 15:23:26.417910,-286.11,Check,Completed,Completed,1,202406,Cust_1006,East,2023-05-22 15:23:26.415103,-180.24,603.4200000000001,783.6600000000001,Normal
392,1000,2024-01-23 15:23:26.424215,-293.79,Check,Completed,Completed,1,202401,Cust_1000,East,2025-06-13 15:23:26.415020,-180.24,603.4200000000001,783.6600000000001,Normal
206,1004,2024-11-02 15:23:26.420364,-300.82,Card,Refunded,Refunded,1,202411,Cust_1004,East,2024-01-05 15:23:26.415083,-180.24,603.4200000000001,783.6600000000001,Normal
478,1004,2024-08-17 15:23:26.426024,-325.11,Cash,Completed,Completed,1,202408,Cust_1004,East,2024-01-05 15:23:26.415083,-180.24,603.4200000000001,783.6600000000001,Normal
58,1000,2025-03-06 15:23:26.417246,-340.42,Card,Completed,Completed,1,202503,Cust_1000,East,2025-06-13 15:23:26.415020,-180.24,603.4200000000001,783.6600000000001,Normal
256,1009,2025-06-22 15:23:26.421381,-351.44,Cash,Completed,Completed,1,202506,Cust_1009,East,2025-05-07 15:23:26.415133,-180.24,603.4200000000001,783.6600000000001,Normal
586,1004,2025-04-10 15:23:26.428347,-415.2,ACH,Completed,Completed,1,202504,Cust_1004,East,2024-01-05 15:23:26.415083,-180.24,603.4200000000001,783.6600000000001,Normal
233,1009,2024-12-24 15:23:26.420894,-425.97,Check,Completed,Completed,1,202412,Cust_1009,East,2025-05-07 15:23:26.415133,-180.24,603.4200000000001,783.6600000000001,Normal
28,1004,2024-08-08 15:23:26.416649,-440.1,Check,Completed,Completed,1,202408,Cust_1004,East,2024-01-05 15:23:26.415083,-180.24,603.4200000000001,783.6600000000001,Normal
309,1000,2023-11-18 15:23:26.422539,-440.24,Card,Completed,Completed,1,202311,Cust_1000,East,2025-06-13 15:23:26.415020,-180.24,603.4200000000001,783.6600000000001,Normal
218,1004,2024-02-24 15:23:26.420600,-464.35,Cash,Completed,Completed,1,202402,Cust_1004,East,2024-01-05 15:23:26.415083,-180.24,603.4200000000001,783.6600000000001,Normal
9,1000,2025-10-17 15:23:26.416227,-502.7,Cash,Completed,Completed,1,202510,Cust_1000,East,2025-06-13 15:23:26.415020,-180.24,603.4200000000001,783.6600000000001,Normal
246,1009,2024-07-24 15:23:26.421157,-514.03,ACH,Refunded,Refunded,1,202407,Cust_1009,East,2025-05-07 15:23:26.415133,-180.24,603.4200000000001,783.6600000000001,Normal
589,1006,2024-01-11 15:23:26.428406,-539.29,Cash,Completed,Completed,1,202401,Cust_1006,East,2023-05-22 15:23:26.415103,-180.24,603.4200000000001,783.6600000000001,Normal
304,1006,2025-01-10 15:23:26.422442,-567.07,ACH,Refunded,Refunded,1,202501,Cust_1006,East,2023-05-22 15:23:26.415103,-180.24,603.4200000000001,783.6600000000001,Normal
195,1004,2024-07-16 15:23:26.420118,-611.38,Cash,Completed,Completed,1,202407,Cust_1004,East,2024-01-05 15:23:26.415083,-180.24,603.4200000000001,783.6600000000001,Normal
550,1000,2025-07-05 15:23:26.427580,-622.63,ACH,Completed,Completed,1,202507,Cust_1000,East,2025-06-13 15:23:26.415020,-180.24,603.4200000000001,783.6600000000001,Normal
89,1004,2024-10-27 15:23:26.417950,-625.44,Cash,Completed,Completed,1,202410,Cust_1004,East,2024-01-05 15:23:26.415083,-180.24,603.4200000000001,783.6600000000001,Normal
111,1006,2025-07-10 15:23:26.418417,-627.82,Check,Completed,Completed,1,202507,Cust_1006,East,2023-05-22 15:23:26.415103,-180.24,603.4200000000001,783.6600000000001,Normal
353,1006,2025-09-07 15:23:26.423431,-692.28,Cash,Completed,Completed,1,202509,Cust_1006,East,2023-05-22 15:23:26.415103,-180.24,603.4200000000001,783.6600000000001,Normal
22,1000,2024-07-20 15:23:26.416527,-716.73,Card,Completed,Completed,1,202407,Cust_1000,East,2025-06-13 15:23:26.415020,-180.24,603.4200000000001,783.6600000000001,Normal
393,1000,2024-06-24 15:23:26.424235,-800.19,Card,Completed,Completed,1,202406,Cust_1000,East,2025-06-13 15:23:26.415020,-180.24,603.4200000000001,783.6600000000001,Normal
65,1009,2025-06-23 15:23:26.417415,-810.51,ACH,Completed,Completed,1,202506,Cust_1009,East,2025-05-07 15:23:26.415133,-180.24,603.4200000000001,783.6600000000001,Normal
126,1004,2025-04-11 15:23:26.418716,-873.72,ACH,Completed,Completed,1,202504,Cust_1004,East,2024-01-05 15:23:26.415083,-180.24,603.4200000000001,783.6600000000001,Normal
110,1004,2025-03-17 15:23:26.418398,-930.51,Card,Completed,Completed,1,202503,Cust_1004,East,2024-01-05 15:23:26.415083,-180.24,603.4200000000001,783.6600000000001,Normal
335,1004,2024-04-29 15:23:26.423051,-968.12,ACH,Completed,Completed,1,202404,Cust_1004,East,2024-01-05 15:23:26.415083,-180.24,603.4200000000001,783.6600000000001,Normal
303,1004,2024-09-23 15:23:26.422423,-995.06,ACH,Completed,Completed,1,202409,Cust_1004,East,2024-01-05 15:23:26.415083,-180.24,603.4200000000001,783.6600000000001,Normal
158,1000,2025-08-27 15:23:26.419376,-1276.71,Card,Completed,Completed,1,202508,Cust_1000,East,2025-06-13 15:23:26.415020,-180.24,603.4200000000001,783.6600000000001,Normal
561,1006,2024-08-28 15:23:26.427809,-7807.5,Cash,,Unknown,1,202408,Cust_1006,East,2023-05-22 15:23:26.415103,-180.24,603.4200000000001,783.6600000000001,Low
117,1017,2024-09-01 15:23:26.418537,2049.28,Check,Completed,Completed,0,202409,Cust_1017,North,2024-01-28 15:23:26.415209,-110.115,729.61,839.725,High
105,1001,2025-02-16 15:23:26.418262,1634.98,ACH,Completed,Completed,0,202502,Cust_1001,North,2024-10-03 15:23:26.415048,-110.115,729.61,839.725,Normal
121,1015,2025-09-22 15:23:26.418616,1348.48,Cash,Completed,Completed,0,202509,Cust_1015,North,2024-03-23 15:23:26.415190,-110.115,729.61,839.725,Normal
361,1015,2025-07-03 15:23:26.423605,1286.71,ACH,Completed,Completed,0,202507,Cust_1015,North,2024-03-23 15:23:26.415190,-110.115,729.61,839.725,Normal
38,1015,2025-05-05 15:23:26.416847,1283.43,Check,Completed,Completed,0,202505,Cust_1015,North,2024-03-23 15:23:26.415190,-110.115,729.61,839.725,Normal
302,1001,2025-02-24 15:23:26.422400,1265.91,ACH,Completed,Completed,0,202502,Cust_1001,North,2024-10-03 15:23:26.415048,-110.115,729.61,839.725,Normal
505,1001,2025-04-20 15:23:26.426592,1256.87,Card,Completed,Completed,0,202504,Cust_1001,North,2024-10-03 15:23:26.415048,-110.115,729.61,839.725,Normal
94,1017,2025-01-03 15:23:26.418048,1249.56,Card,Completed,Completed,0,202501,Cust_1017,North,2024-01-28 15:23:26.415209,-110.115,729.61,839.725,Normal
186,1017,2024-01-23 15:23:26.419943,1174.45,Check,Completed,Completed,0,202401,Cust_1017,North,2024-01-28 15:23:26.415209,-110.115,729.61,839.725,Normal
590,1017,2025-07-08 15:23:26.428426,1072.33,ACH,Completed,Completed,0,202507,Cust_1017,North,2024-01-28 15:23:26.415209,-110.115,729.61,839.725,Normal
541,1001,2024-11-29 15:23:26.427397,1068.81,ACH,Completed,Completed,0,202411,Cust_1001,North,2024-10-03 15:23:26.415048,-110.115,729.61,839.725,Normal
333,1017,2025-02-15 15:23:26.423012,1028.01,Check,Completed,Completed,0,202502,Cust_1017,North,2024-01-28 15:23:26.415209,-110.115,729.61,839.725,Normal
44,1017,2025-06-10 15:23:26.416964,1008.3,ACH,Completed,Completed,0,202506,Cust_1017,North,2024-01-28 15:23:26.415209,-110.115,729.61,839.725,Normal
143,1017,2024-10-12 15:23:26.419054,992.98,ACH,Completed,Completed,0,202410,Cust_1017,North,2024-01-28 15:23:26.415209,-110.115,729.61,839.725,Normal
196,1017,2024-10-03 15:23:26.420138,975.87,Cash,Completed,Completed,0,202410,Cust_1017,North,2024-01-28 15:23:26.415209,-110.115,729.61,839.725,Normal
439,1017,2024-12-04 15:23:26.425179,957.63,Card,,Unknown,0,202412,Cust_1017,North,2024-01-28 15:23:26.415209,-110.115,729.61,839.725,Normal
255,1017,2025-02-06 15:23:26.421361,919.41,Check,Completed,Completed,0,202502,Cust_1017,North,2024-01-28 15:23:26.415209,-110.115,729.61,839.725,Normal
568,1017,2024-10-30 15:23:26.427946,894.28,Cash,Completed,Completed,0,202410,Cust_1017,North,2024-01-28 15:23:26.415209,-110.115,729.61,839.725,Normal
257,1017,2024-02-13 15:23:26.421400,888.95,Cash,Completed,Completed,0,202402,Cust_1017,North,2024-01-28 15:23:26.415209,-110.115,729.61,839.725,Normal
226,1001,2024-12-15 15:23:26.420758,851.41,Check,Completed,Completed,0,202412,Cust_1001,North,2024-10-03 15:23:26.415048,-110.115,729.61,839.725,Normal
33,1015,2025-04-17 15:23:26.416749,831.17,Check,Completed,Completed,0,202504,Cust_1015,North,2024-03-23 15:23:26.415190,-110.115,729.61,839.725,Normal
291,1015,2025-03-03 15:23:26.422142,804.14,ACH,Completed,Completed,0,202503,Cust_1015,North,2024-03-23 15:23:26.415190,-110.115,729.61,839.725,Normal
332,1001,2024-08-24 15:23:26.422993,781.92,Cash,Completed,Completed,0,202408,Cust_1001,North,2024-10-03 15:23:26.415048,-110.115,729.61,839.725,Normal
499,1015,2023-12-03 15:23:26.426473,751.65,ACH,Completed,Completed,0,202312,Cust_1015,North,2024-03-23 15:23:26.415190,-110.115,729.61,839.725,Normal
112,1001,2025-02-28 15:23:26.418440,707.57,Card,Completed,Completed,0,202502,Cust_1001,North,2024-10-03 15:23:26.415048,-110.115,729.61,839.725,Normal
441,1017,2024-01-18 15:23:26.425217,665.89,Cash,Completed,Completed,0,202401,Cust_1017,North,2024-01-28 15:23:26.415209,-110.115,729.61,839.725,Normal
199,1001,2025-04-25 15:23:26.420196,624.19,Check,Completed,Completed,0,202504,Cust_1001,North,2024-10-03 15:23:26.415048,-110.115,729.61,839.725,Normal
104,1015,2024-12-05 15:23:26.418243,582.68,Check,Refunded,Refunded,0,202412,Cust_1015,North,2024-03-23 15:23:26.415190,-110.115,729.61,839.725,Normal
600,1017,2025-05-24 15:23:26.428624,576.52,ACH,Completed,Completed,0,202505,Cust_1017,North,2024-01-28 15:23:26.415209,-110.115,729.61,839.725,Normal
56,1017,2025-09-03 15:23:26.417206,568.13,ACH,Completed,Completed,0,202509,Cust_1017,North,2024-01-28 15:23:26.415209,-110.115,729.61,839.725,Normal
434,1015,2025-08-12 15:23:26.425076,544.92,Card,Completed,Completed,0,202508,Cust_1015,North,2024-03-23 15:23:26.415190,-110.115,729.61,839.725,Normal
217,1017,2025-03-12 15:23:26.420580,540.77,ACH,Completed,Completed,0,202503,Cust_1017,North,2024-01-28 15:23:26.415209,-110.115,729.61,839.725,Normal
142,1001,2024-09-03 15:23:26.419035,540.27,ACH,Completed,Completed,0,202409,Cust_1001,North,2024-10-03 15:23:26.415048,-110.115,729.61,839.725,Normal
463,1017,2024-11-20 15:23:26.425716,534.16,Card,Completed,Completed,0,202411,Cust_1017,North,2024-01-28 15:23:26.415209,-110.115,729.61,839.725,Normal
339,1001,2024-12-01 15:23:26.423129,521.25,ACH,Completed,Completed,0,202412,Cust_1001,North,2024-10-03 15:23:26.415048,-110.115,729.61,839.725,Normal
15,1015,2024-12-05 15:23:26.416390,491.55,Card,,Unknown,0,202412,Cust_1015,North,2024-03-23 15:23:26.415190,-110.115,729.61,839.725,Normal
139,1017,2025-01-28 15:23:26.418977,479.89,ACH,Refunded,Refunded,0,202501,Cust_1017,North,2024-01-28 15:23:26.415209,-110.115,729.61,839.725,Normal
16,1015,2024-07-31 15:23:26.416409,479.09,Card,Completed,Completed,0,202407,Cust_1015,North,2024-03-23 15:23:26.415190,-110.115,729.61,839.725,Normal
1,1001,2024-10-21 15:23:26.416020,437.89,Card,Completed,Completed,0,202410,Cust_1001,North,2024-10-03 15:23:26.415048,-110.115,729.61,839.725,Normal
345,1017,2025-04-07 15:23:26.423248,421.32,Cash,Completed,Completed,0,202504,Cust_1017,North,2024-01-28 15:23:26.415209,-110.115,729.61,839.725,Normal
348,1015,2025-03-24 15:23:26.423334,404.08,ACH,Completed,Completed,0,202503,Cust_1015,North,2024-03-23 15:23:26.415190,-110.115,729.61,839.725,Normal
265,1017,2025-07-03 15:23:26.421566,391.34,Check,Completed,Completed,0,202507,Cust_1017,North,2024-01-28 15:23:26.415209,-110.115,729.61,839.725,Normal
337,1015,2024-04-08 15:23:26.423090,356.92,Check,Completed,Completed,0,202404,Cust_1015,North,2024-03-23 15:23:26.415190,-110.115,729.61,839.725,Normal
578,1001,2024-09-24 15:23:26.428152,330.52,ACH,Completed,Completed,0,202409,Cust_1001,North,2024-10-03 15:23:26.415048,-110.115,729.61,839.725,Normal
224,1017,2023-10-26 15:23:26.420719,328.05,ACH,Completed,Completed,0,202310,Cust_1017,North,2024-01-28 15:23:26.415209,-110.115,729.61,839.725,Normal
320,1017,2025-10-14 15:23:26.422754,316.2,Check,Completed,Completed,0,202510,Cust_1017,North,2024-01-28 15:23:26.415209,-110.115,729.61,839.725,Normal
261,1001,2025-06-19 15:23:26.421479,310.97,Card,Completed,Completed,0,202506,Cust_1001,North,2024-10-03 15:23:26.415048,-110.115,729.61,839.725,Normal
374,1001,2024-03-25 15:23:26.423862,284.03,Card,Refunded,Refunded,0,202403,Cust_1001,North,2024-10-03 15:23:26.415048,-110.115,729.61,839.725,Normal
572,1015,2024-07-25 15:23:26.428028,277.64,Cash,Completed,Completed,0,202407,Cust_1015,North,2024-03-23 15:23:26.415190,-110.115,729.61,839.725,Normal
369,1015,2024-03-22 15:23:26.423763,263.73,Cash,Completed,Completed,0,202403,Cust_1015,North,2024-03-23 15:23:26.415190,-110.115,729.61,839.725,Normal
521,1015,2024-05-08 15:23:26.426961,254.02,ACH,Completed,Completed,0,202405,Cust_1015,North,2024-03-23 15:23:26.415190,-110.115,729.61,839.725,Normal
483,1001,2023-12-05 15:23:26.426121,225.74,Card,Completed,Completed,0,202312,Cust_1001,North,2024-10-03 15:23:26.415048,-110.115,729.61,839.725,Normal
382,1017,2024-08-03 15:23:26.424020,200.94,Cash,Completed,Completed,0,202408,Cust_1017,North,2024-01-28 15:23:26.415209,-110.115,729.61,839.725,Normal
453,1017,2024-06-13 15:23:26.425479,165.97,ACH,Completed,Completed,0,202406,Cust_1017,North,2024-01-28 15:23:26.415209,-110.115,729.61,839.725,Normal
127,1015,2025-07-07 15:23:26.418736,144.61,Card,Completed,Completed,0,202507,Cust_1015,North,2024-03-23 15:23:26.415190,-110.115,729.61,839.725,Normal
399,1001,2025-09-21 15:23:26.424387,137.51,ACH,Refunded,Refunded,0,202509,Cust_1001,North,2024-10-03 15:23:26.415048,-110.115,729.61,839.725,Normal
27,1015,2024-12-27 15:23:26.416625,132.06,Cash,Completed,Completed,0,202412,Cust_1015,North,2024-03-23 15:23:26.415190,-110.115,729.61,839.725,Normal
80,1017,2024-02-01 15:23:26.417763,123.28,ACH,Completed,Completed,0,202402,Cust_1017,North,2024-01-28 15:23:26.415209,-110.115,729.61,839.725,Normal
577,1017,2024-06-11 15:23:26.428132,116.71,ACH,Completed,Completed,0,202406,Cust_1017,North,2024-01-28 15:23:26.415209,-110.115,729.61,839.725,Normal
529,1015,2024-01-26 15:23:26.427119,102.37,Check,Completed,Completed,0,202401,Cust_1015,North,2024-03-23 15:23:26.415190,-110.115,729.61,839.725,Normal
272,1015,2025-02-07 15:23:26.421753,90.46,Cash,Completed,Completed,0,202502,Cust_1015,North,2024-03-23 15:23:26.415190,-110.115,729.61,839.725,Normal
230,1015,2024-01-10 15:23:26.420836,76.27,Card,Completed,Completed,0,202401,Cust_1015,North,2024-03-23 15:23:26.415190,-110.115,729.61,839.725,Normal
130,1001,2024-01-11 15:23:26.418801,30.95,ACH,Completed,Completed,0,202401,Cust_1001,North,2024-10-03 15:23:26.415048,-110.115,729.61,839.725,Normal
525,1001,2024-03-04 15:23:26.427040,28.83,Check,Completed,Completed,0,202403,Cust_1001,North,2024-10-03 15:23:26.415048,-110.115,729.61,839.725,Normal
4,1015,2023-11-14 15:23:26.416118,21.65,ACH,Completed,Completed,0,202311,Cust_1015,North,2024-03-23 15:23:26.415190,-110.115,729.61,839.725,Normal
49,1001,2024-03-27 15:23:26.417067,11.13,Check,Completed,Completed,0,202403,Cust_1001,North,2024-10-03 15:23:26.415048,-110.115,729.61,839.725,Normal
260,1017,2024-06-07 15:23:26.421459,-4.0,Card,Completed,Completed,1,202406,Cust_1017,North,2024-01-28 15:23:26.415209,-110.115,729.61,839.725,Normal
359,1015,2025-09-10 15:23:26.423548,-5.82,Check,Completed,Completed,1,202509,Cust_1015,North,2024-03-23 15:23:26.415190,-110.115,729.61,839.725,Normal
91,1001,2025-04-07 15:23:26.417989,-15.94,Card,Completed,Completed,1,202504,Cust_1001,North,2024-10-03 15:23:26.415048,-110.115,729.61,839.725,Normal
398,1017,2024-08-01 15:23:26.424364,-89.69,Card,Completed,Completed,1,202408,Cust_1017,North,2024-01-28 15:23:26.415209,-110.115,729.61,839.725,Normal
124,1017,2024-06-24 15:23:26.418675,-105.07,Cash,Completed,Completed,1,202406,Cust_1017,North,2024-01-28 15:23:26.415209,-110.115,729.61,839.725,Normal
446,1017,2025-08-26 15:23:26.425343,-115.16,ACH,Completed,Completed,1,202508,Cust_1017,North,2024-01-28 15:23:26.415209,-110.115,729.61,839.725,Normal
378,1015,2024-07-28 15:23:26.423939,-115.28,Card,Completed,Completed,1,202407,Cust_1015,North,2024-03-23 15:23:26.415190,-110.115,729.61,839.725,Normal
314,1017,2025-09-23 15:23:26.422638,-120.6,Card,Completed,Completed,1,202509,Cust_1017,North,2024-01-28 15:23:26.415209,-110.115,729.61,839.725,Normal
190,1017,2023-11-23 15:23:26.420020,-135.03,Cash,Refunded,Refunded,1,202311,Cust_1017,North,2024-01-28 15:23:26.415209,-110.115,729.61,839.725,Normal
471,1015,2024-10-16 15:23:26.425885,-152.36,Cash,Completed,Completed,1,202410,Cust_1015,North,2024-03-23 15:23:26.415190,-110.115,729.61,839.725,Normal
223,1017,2023-11-03 15:23:26.420699,-161.34,Check,Completed,Completed,1,202311,Cust_1017,North,2024-01-28 15:23:26.415209,-110.115,729.61,839.725,Normal
108,1017,2024-08-22 15:23:26.418354,-186.06,ACH,Completed,Completed,1,202408,Cust_1017,North,2024-01-28 15:23:26.415209,-110.115,729.61,839.725,Normal
53,1001,2024-11-01 15:23:26.417147,-208.13,Check,Completed,Completed,1,202411,Cust_1001,North,2024-10-03 15:23:26.415048,-110.115,729.61,839.725,Normal
71,1017,2024-08-31 15:23:26.417536,-222.86,Card,Completed,Completed,1,202408,Cust_1017,North,2024-01-28 15:23:26.415209,-110.115,729.61,839.725,Normal
12,1015,2025-06-04 15:23:26.416328,-225.45,ACH,Completed,Completed,1,202506,Cust_1015,North,2024-03-23 15:23:26.415190,-110.115,729.61,839.725,Normal
413,1001,2024-11-06 15:23:26.424663,-225.82,Check,Completed,Completed,1,202411,Cust_1001,North,2024-10-03 15:23:26.415048,-110.115,729.61,839.725,Normal
350,1015,2023-12-30 15:23:26.423373,-239.38,ACH,Completed,Completed,1,202312,Cust_1015,North,2024-03-23 15:23:26.415190,-110.115,729.61,839.725,Normal
10,1001,2025-09-22 15:23:26.416248,-287.11,Check,Completed,Completed,1,202509,Cust_1001,North,2024-10-03 15:23:26.415048,-110.115,729.61,839.725,Normal
298,1017,2025-10-07 15:23:26.422311,-294.82,Card,Completed,Completed,1,202510,Cust_1017,North,2024-01-28 15:23:26.415209,-110.115,729.61,839.725,Normal
324,1015,2024-01-30 15:23:26.422835,-358.64,ACH,Completed,Completed,1,202401,Cust_1015,North,2024-03-23 15:23:26.415190,-110.115,729.61,839.725,Normal
489,1017,2024-04-08 15:23:26.426237,-423.85,ACH,Completed,Completed,1,202404,Cust_1017,North,2024-01-28 15:23:26.415209,-110.115,729.61,839.725,Normal
432,1015,2025-08-29 15:23:26.425037,-448.27,Cash,Completed,Completed,1,202508,Cust_1015,North,2024-03-23 15:23:26.415190,-110.115,729.61,839.725,Normal
3,1015,2024-09-08 15:23:26.416094,-508.42,ACH,Completed,Completed,1,202409,Cust_1015,North,2024-03-23 15:23:26.415190,-110.115,729.61,839.725,Normal
573,1017,2024-05-12 15:23:26.428050,-525.91,Cash,Completed,Completed,1,202405,Cust_1017,North,2024-01-28 15:23:26.415209,-110.115,729.61,839.725,Normal
296,1017,2024-12-31 15:23:26.422239,-876.67,Check,Completed,Completed,1,202412,Cust_1017,North,2024-01-28 15:23:26.415209,-110.115,729.61,839.725,Normal
459,1001,2024-03-11 15:23:26.425603,-896.54,Card,Completed,Completed,1,202403,Cust_1001,North,2024-10-03 15:23:26.415048,-110.115,729.61,839.725,Normal
188,1001,2023-12-02 15:23:26.419981,-1049.67,Check,Completed,Completed,1,202312,Cust_1001,North,2024-10-03 15:23:26.415048,-110.115,729.61,839.725,Normal
34,1015,2025-05-13 15:23:26.416768,-1089.71,Card,Completed,Completed,1,202505,Cust_1015,North,2024-03-23 15:23:26.415190,-110.115,729.61,839.725,Normal
185,1017,2024-11-14 15:23:26.419923,-1223.0,Card,Completed,Completed,1,202411,Cust_1017,North,2024-01-28 15:23:26.415209,-110.115,729.61,839.725,Normal
95,1007,2024-11-11 15:23:26.418068,5349.099999999999,Check,Completed,Completed,0,202411,Cust_1007,South,2025-01-26 15:23:26.415113,-195.455,715.7675,911.2225000000001,High
548,1002,2023-11-10 15:23:26.427541,4360.299999999999,Cash,Completed,Completed,0,202311,Cust_1002,South,2024-04-22 15:23:26.415062,-195.455,715.7675,911.2225000000001,High
244,1014,2024-06-25 15:23:26.421118,1825.46,Check,Completed,Completed,0,202406,Cust_1014,South,2023-06-18 15:23:26.415180,-195.455,715.7675,911.2225000000001,Normal
51,1002,2024-02-25 15:23:26.417107,1654.58,ACH,Completed,Completed,0,202402,Cust_1002,South,2024-04-22 15:23:26.415062,-195.455,715.7675,911.2225000000001,Normal
493,1008,2025-09-01 15:23:26.426344,1640.88,Cash,Completed,Completed,0,202509,Cust_1008,South,2025-07-31 15:23:26.415123,-195.455,715.7675,911.2225000000001,Normal
549,1012,2025-01-10 15:23:26.427560,1557.33,ACH,Completed,Completed,0,202501,Cust_1012,South,2023-03-13 15:23:26.415162,-195.455,715.7675,911.2225000000001,Normal
363,1012,2024-01-15 15:23:26.423644,1424.78,ACH,Completed,Completed,0,202401,Cust_1012,South,2023-03-13 15:23:26.415162,-195.455,715.7675,911.2225000000001,Normal
24,1003,2024-10-23 15:23:26.416566,1298.73,Check,Completed,Completed,0,202410,Cust_1003,South,2023-09-12 15:23:26.415072,-195.455,715.7675,911.2225000000001,Normal
78,1007,2025-02-09 15:23:26.417673,1198.69,Check,Completed,Completed,0,202502,Cust_1007,South,2025-01-26 15:23:26.415113,-195.455,715.7675,911.2225000000001,Normal
132,1007,2024-12-16 15:23:26.418840,1182.51,Cash,Completed,Completed,0,202412,Cust_1007,South,2025-01-26 15:23:26.415113,-195.455,715.7675,911.2225000000001,Normal
514,1014,2025-08-24 15:23:26.426770,1119.56,Card,Completed,Completed,0,202508,Cust_1014,South,2023-06-18 15:23:26.415180,-195.455,715.7675,911.2225000000001,Normal
559,1005,2024-02-10 15:23:26.427770,1113.95,Check,Completed,Completed,0,202402,Cust_1005,South,2023-09-22 15:23:26.415093,-195.455,715.7675,911.2225000000001,Normal
537,1012,2025-08-05 15:23:26.427304,1099.55,Card,Completed,Completed,0,202508,Cust_1012,South,2023-03-13 15:23:26.415162,-195.455,715.7675,911.2225000000001,Normal
417,1014,2024-07-15 15:23:26.424741,1098.06,Card,Completed,Completed,0,202407,Cust_1014,South,2023-06-18 15:23:26.415180,-195.455,715.7675,911.2225000000001,Normal
70,1003,2024-05-21 15:23:26.417517,1092.66,Card,Refunded,Refunded,0,202405,Cust_1003,South,2023-09-12 15:23:26.415072,-195.455,715.7675,911.2225000000001,Normal
194,1008,2025-04-21 15:23:26.420098,1091.41,Cash,Completed,Completed,0,202504,Cust_1008,South,2025-07-31 15:23:26.415123,-195.455,715.7675,911.2225000000001,Normal
440,1005,2024-04-28 15:23:26.425198,1064.0,ACH,Completed,Completed,0,202404,Cust_1005,South,2023-09-22 15:23:26.415093,-195.455,715.7675,911.2225000000001,Normal
344,1012,2024-06-09 15:23:26.423229,1052.08,Check,Completed,Completed,0,202406,Cust_1012,South,2023-03-13 15:23:26.415162,-195.455,715.7675,911.2225000000001,Normal
179,1003,2025-01-29 15:23:26.419803,1019.16,Cash,Completed,Completed,0,202501,Cust_1003,South,2023-09-12 15:23:26.415072,-195.455,715.7675,911.2225000000001,Normal
484,1002,2023-12-23 15:23:26.426140,994.08,Card,Completed,Completed,0,202312,Cust_1002,South,2024-04-22 15:23:26.415062,-195.455,715.7675,911.2225000000001,Normal
202,1008,2025-08-26 15:23:26.420255,987.02,Cash,Completed,Completed,0,202508,Cust_1008,South,2025-07-31 15:23:26.415123,-195.455,715.7675,911.2225000000001,Normal
155,1008,2024-08-23 15:23:26.419317,984.35,Cash,Completed,Completed,0,202408,Cust_1008,South,2025-07-31 15:23:26.415123,-195.455,715.7675,911.2225000000001,Normal
594,1002,2024-01-12 15:23:26.428507,960.59,Card,Completed,Completed,0,202401,Cust_1002,South,2024-04-22 15:23:26.415062,-195.455,715.7675,911.2225000000001,Normal
376,1007,2025-07-04 15:23:26.423901,952.84,Check,Refunded,Refunded,0,202507,Cust_1007,South,2025-01-26 15:23:26.415113,-195.455,715.7675,911.2225000000001,Normal
588,1014,2024-12-22 15:23:26.428386,942.03,ACH,Completed,Completed,0,202412,Cust_1014,South,2023-06-18 15:23:26.415180,-195.455,715.7675,911.2225000000001,Normal
25,1003,2024-11-24 15:23:26.416586,935.4,Cash,Completed,Completed,0,202411,Cust_1003,South,2023-09-12 15:23:26.415072,-195.455,715.7675,911.2225000000001,Normal
501,1003,2024-04-24 15:23:26.426512,925.17,ACH,Refunded,Refunded,0,202404,Cust_1003,South,2023-09-12 15:23:26.415072,-195.455,715.7675,911.2225000000001,Normal
457,1005,2024-04-19 15:23:26.425563,917.79,ACH,Refunded,Refunded,0,202404,Cust_1005,South,2023-09-22 15:23:26.415093,-195.455,715.7675,911.2225000000001,Normal
592,1008,2025-01-23 15:23:26.428465,898.34,ACH,Completed,Completed,0,202501,Cust_1008,South,2025-07-31 15:23:26.415123,-195.455,715.7675,911.2225000000001,Normal
583,1002,2024-11-24 15:23:26.428254,894.09,Card,Completed,Completed,0,202411,Cust_1002,South,2024-04-22 15:23:26.415062,-195.455,715.7675,911.2225000000001,Normal
183,1005,2024-07-19 15:23:26.419881,890.61,Cash,Completed,Completed,0,202407,Cust_1005,South,2023-09-22 15:23:26.415093,-195.455,715.7675,911.2225000000001,Normal
500,1005,2025-01-01 15:23:26.426493,866.33,ACH,Refunded,Refunded,0,202501,Cust_1005,South,2023-09-22 15:23:26.415093,-195.455,715.7675,911.2225000000001,Normal
170,1003,2025-08-08 15:23:26.419622,849.49,Cash,Completed,Completed,0,202508,Cust_1003,South,2023-09-12 15:23:26.415072,-195.455,715.7675,911.2225000000001,Normal
172,1014,2025-04-13 15:23:26.419664,848.6,ACH,Completed,Completed,0,202504,Cust_1014,South,2023-06-18 15:23:26.415180,-195.455,715.7675,911.2225000000001,Normal
494,1002,2024-03-17 15:23:26.426364,841.54,ACH,Completed,Completed,0,202403,Cust_1002,South,2024-04-22 15:23:26.415062,-195.455,715.7675,911.2225000000001,Normal
530,1008,2025-10-09 15:23:26.427138,839.8,Check,Completed,Completed,0,202510,Cust_1008,South,2025-07-31 15:23:26.415123,-195.455,715.7675,911.2225000000001,Normal
273,1014,2025-10-06 15:23:26.421774,826.42,Check,Refunded,Refunded,0,202510,Cust_1014,South,2023-06-18 15:23:26.415180,-195.455,715.7675,911.2225000000001,Normal
523,1005,2024-07-19 15:23:26.427001,805.29,Check,Completed,Completed,0,202407,Cust_1005,South,2023-09-22 15:23:26.415093,-195.455,715.7675,911.2225000000001,Normal
553,1014,2024-06-26 15:23:26.427646,802.48,Cash,Completed,Completed,0,202406,Cust_1014,South,2023-06-18 15:23:26.415180,-195.455,715.7675,911.2225000000001,Normal
266,1012,2025-05-31 15:23:26.421585,799.15,Check,Completed,Completed,0,202505,Cust_1012,South,2023-03-13 15:23:26.415162,-195.455,715.7675,911.2225000000001,Normal
67,1003,2025-10-15 15:23:26.417458,785.97,Cash,Completed,Completed,0,202510,Cust_1003,South,2023-09-12 15:23:26.415072,-195.455,715.7675,911.2225000000001,Normal
234,1007,2025-03-11 15:23:26.420914,781.67,ACH,Refunded,Refunded,0,202503,Cust_1007,South,2025-01-26 15:23:26.415113,-195.455,715.7675,911.2225000000001,Normal
358,1003,2024-07-17 15:23:26.423528,774.31,Check,Completed,Completed,0,202407,Cust_1003,South,2023-09-12 15:23:26.415072,-195.455,715.7675,911.2225000000001,Normal
444,1002,2024-01-13 15:23:26.425301,769.08,ACH,Completed,Completed,0,202401,Cust_1002,South,2024-04-22 15:23:26.415062,-195.455,715.7675,911.2225000000001,Normal
211,1002,2025-05-23 15:23:26.420460,756.61,Check,Completed,Completed,0,202505,Cust_1002,South,2024-04-22 15:23:26.415062,-195.455,715.7675,911.2225000000001,Normal
462,1012,2025-06-25 15:23:26.425662,748.66,Card,Completed,Completed,0,202506,Cust_1012,South,2023-03-13 15:23:26.415162,-195.455,715.7675,911.2225000000001,Normal
249,1005,2024-11-30 15:23:26.421216,739.76,Cash,Completed,Completed,0,202411,Cust_1005,South,2023-09-22 15:23:26.415093,-195.455,715.7675,911.2225000000001,Normal
527,1014,2025-07-11 15:23:26.427079,736.96,Card,Completed,Completed,0,202507,Cust_1014,South,2023-06-18 15:23:26.415180,-195.455,715.7675,911.2225000000001,Normal
545,1003,2024-04-03 15:23:26.427482,725.75,Card,Completed,Completed,0,202404,Cust_1003,South,2023-09-12 15:23:26.415072,-195.455,715.7675,911.2225000000001,Normal
176,1002,2025-02-28 15:23:26.419745,712.44,Cash,Completed,Completed,0,202502,Cust_1002,South,2024-04-22 15:23:26.415062,-195.455,715.7675,911.2225000000001,Normal
59,1005,2025-04-29 15:23:26.417288,711.94,Cash,Completed,Completed,0,202504,Cust_1005,South,2023-09-22 15:23:26.415093,-195.455,715.7675,911.2225000000001,Normal
486,1012,2023-10-24 15:23:26.426179,694.88,ACH,Completed,Completed,0,202310,Cust_1012,South,2023-03-13 15:23:26.415162,-195.455,715.7675,911.2225000000001,Normal
149,1008,2025-07-04 15:23:26.419173,663.76,ACH,Completed,Completed,0,202507,Cust_1008,South,2025-07-31 15:23:26.415123,-195.455,715.7675,911.2225000000001,Normal
123,1008,2024-08-25 15:23:26.418655,661.11,Check,Completed,Completed,0,202408,Cust_1008,South,2025-07-31 15:23:26.415123,-195.455,715.7675,911.2225000000001,Normal
402,1002,2025-05-27 15:23:26.424446,660.2,Check,Completed,Completed,0,202505,Cust_1002,South,2024-04-22 15:23:26.415062,-195.455,715.7675,911.2225000000001,Normal
79,1002,2024-01-18 15:23:26.417740,654.6,ACH,Completed,Completed,0,202401,Cust_1002,South,2024-04-22 15:23:26.415062,-195.455,715.7675,911.2225000000001,Normal
551,1002,2024-06-13 15:23:26.427607,640.16,ACH,Completed,Completed,0,202406,Cust_1002,South,2024-04-22 15:23:26.415062,-195.455,715.7675,911.2225000000001,Normal
213,1007,2024-08-20 15:23:26.420502,631.41,ACH,Completed,Completed,0,202408,Cust_1007,South,2025-01-26 15:23:26.415113,-195.455,715.7675,911.2225000000001,Normal
259,1005,2024-09-07 15:23:26.421440,619.94,Check,Refunded,Refunded,0,202409,Cust_1005,South,2023-09-22 15:23:26.415093,-195.455,715.7675,911.2225000000001,Normal
138,1005,2024-10-28 15:23:26.418957,598.53,Cash,Completed,Completed,0,202410,Cust_1005,South,2023-09-22 15:23:26.415093,-195.455,715.7675,911.2225000000001,Normal
575,1014,2024-10-04 15:23:26.428092,579.58,ACH,Completed,Completed,0,202410,Cust_1014,South,2023-06-18 15:23:26.415180,-195.455,715.7675,911.2225000000001,Normal
289,1012,2025-08-11 15:23:26.422103,579.35,Check,Refunded,Refunded,0,202508,Cust_1012,South,2023-03-13 15:23:26.415162,-195.455,715.7675,911.2225000000001,Normal
480,1008,2024-12-23 15:23:26.426062,567.37,Card,Completed,Completed,0,202412,Cust_1008,South,2025-07-31 15:23:26.415123,-195.455,715.7675,911.2225000000001,Normal
528,1003,2024-07-16 15:23:26.427099,560.6,Check,Completed,Completed,0,202407,Cust_1003,South,2023-09-12 15:23:26.415072,-195.455,715.7675,911.2225000000001,Normal
582,1007,2025-03-18 15:23:26.428229,560.52,Card,Completed,Completed,0,202503,Cust_1007,South,2025-01-26 15:23:26.415113,-195.455,715.7675,911.2225000000001,Normal
174,1005,2024-02-23 15:23:26.419703,543.76,Cash,Completed,Completed,0,202402,Cust_1005,South,2023-09-22 15:23:26.415093,-195.455,715.7675,911.2225000000001,Normal
533,1008,2023-11-07 15:23:26.427197,523.29,Card,Completed,Completed,0,202311,Cust_1008,South,2025-07-31 15:23:26.415123,-195.455,715.7675,911.2225000000001,Normal
13,1007,2023-11-08 15:23:26.416350,489.25,ACH,Completed,Completed,0,202311,Cust_1007,South,2025-01-26 15:23:26.415113,-195.455,715.7675,911.2225000000001,Normal
68,1002,2025-04-23 15:23:26.417478,459.31,ACH,Completed,Completed,0,202504,Cust_1002,South,2024-04-22 15:23:26.415062,-195.455,715.7675,911.2225000000001,Normal
532,1014,2023-11-05 15:23:26.427177,458.2,ACH,Completed,Completed,0,202311,Cust_1014,South,2023-06-18 15:23:26.415180,-195.455,715.7675,911.2225000000001,Normal
517,1002,2024-10-23 15:23:26.426883,451.58,ACH,Completed,Completed,0,202410,Cust_1002,South,2024-04-22 15:23:26.415062,-195.455,715.7675,911.2225000000001,Normal
191,1007,2025-06-21 15:23:26.420040,445.03,Card,Completed,Completed,0,202506,Cust_1007,South,2025-01-26 15:23:26.415113,-195.455,715.7675,911.2225000000001,Normal
481,1014,2024-07-11 15:23:26.426082,441.42,ACH,Completed,Completed,0,202407,Cust_1014,South,2023-06-18 15:23:26.415180,-195.455,715.7675,911.2225000000001,Normal
293,1005,2024-04-10 15:23:26.422181,440.73,Card,Completed,Completed,0,202404,Cust_1005,South,2023-09-22 15:23:26.415093,-195.455,715.7675,911.2225000000001,Normal
371,1012,2024-03-23 15:23:26.423805,436.53,Card,Completed,Completed,0,202403,Cust_1012,South,2023-03-13 15:23:26.415162,-195.455,715.7675,911.2225000000001,Normal
157,1002,2024-04-04 15:23:26.419356,414.22,Cash,Completed,Completed,0,202404,Cust_1002,South,2024-04-22 15:23:26.415062,-195.455,715.7675,911.2225000000001,Normal
232,1005,2024-07-18 15:23:26.420875,400.66,ACH,Completed,Completed,0,202407,Cust_1005,South,2023-09-22 15:23:26.415093,-195.455,715.7675,911.2225000000001,Normal
247,1008,2025-06-30 15:23:26.421177,387.07,Cash,Completed,Completed,0,202506,Cust_1008,South,2025-07-31 15:23:26.415123,-195.455,715.7675,911.2225000000001,Normal
387,1003,2025-04-18 15:23:26.424119,376.73,Card,Completed,Completed,0,202504,Cust_1003,South,2023-09-12 15:23:26.415072,-195.455,715.7675,911.2225000000001,Normal
76,1003,2024-11-09 15:23:26.417634,374.38,Check,Completed,Completed,0,202411,Cust_1003,South,2023-09-12 15:23:26.415072,-195.455,715.7675,911.2225000000001,Normal
518,1002,2025-05-31 15:23:26.426903,365.53,Cash,Completed,Completed,0,202505,Cust_1002,South,2024-04-22 15:23:26.415062,-195.455,715.7675,911.2225000000001,Normal
2,1005,2024-05-27 15:23:26.416067,358.15,Card,Completed,Completed,0,202405,Cust_1005,South,2023-09-22 15:23:26.415093,-195.455,715.7675,911.2225000000001,Normal
275,1005,2024-02-29 15:23:26.421813,332.91,ACH,Completed,Completed,0,202402,Cust_1005,South,2023-09-22 15:23:26.415093,-195.455,715.7675,911.2225000000001,Normal
336,1012,2024-10-30 15:23:26.423070,332.8,Check,Completed,Completed,0,202410,Cust_1012,South,2023-03-13 15:23:26.415162,-195.455,715.7675,911.2225000000001,Normal
118,1012,2024-11-26 15:23:26.418557,326.23,Check,Completed,Completed,0,202411,Cust_1012,South,2023-03-13 15:23:26.415162,-195.455,715.7675,911.2225000000001,Normal
313,1014,2024-01-05 15:23:26.422618,314.32,Cash,Completed,Completed,0,202401,Cust_1014,South,2023-06-18 15:23:26.415180,-195.455,715.7675,911.2225000000001,Normal
469,1012,2025-04-17 15:23:26.425846,314.04,Card,Completed,Completed,0,202504,Cust_1012,South,2023-03-13 15:23:26.415162,-195.455,715.7675,911.2225000000001,Normal
235,1003,2024-03-10 15:23:26.420933,313.68,ACH,Completed,Completed,0,202403,Cust_1003,South,2023-09-12 15:23:26.415072,-195.455,715.7675,911.2225000000001,Normal
390,1012,2025-08-22 15:23:26.424177,313.2,ACH,Completed,Completed,0,202508,Cust_1012,South,2023-03-13 15:23:26.415162,-195.455,715.7675,911.2225000000001,Normal
219,1012,2024-01-03 15:23:26.420619,313.03,ACH,Completed,Completed,0,202401,Cust_1012,South,2023-03-13 15:23:26.415162,-195.455,715.7675,911.2225000000001,Normal
404,1002,2025-07-10 15:23:26.424485,304.66,ACH,Completed,Completed,0,202507,Cust_1002,South,2024-04-22 15:23:26.415062,-195.455,715.7675,911.2225000000001,Normal
169,1005,2024-07-10 15:23:26.419595,300.98,Cash,Completed,Completed,0,202407,Cust_1005,South,2023-09-22 15:23:26.415093,-195.455,715.7675,911.2225000000001,Normal
328,1012,2024-11-14 15:23:26.422915,296.45,Card,Completed,Completed,0,202411,Cust_1012,South,2023-03-13 15:23:26.415162,-195.455,715.7675,911.2225000000001,Normal
423,1012,2024-03-07 15:23:26.424860,294.42,Check,Completed,Completed,0,202403,Cust_1012,South,2023-03-13 15:23:26.415162,-195.455,715.7675,911.2225000000001,Normal
458,1005,2025-01-12 15:23:26.425583,272.2,ACH,Completed,Completed,0,202501,Cust_1005,South,2023-09-22 15:23:26.415093,-195.455,715.7675,911.2225000000001,Normal
200,1005,2024-08-31 15:23:26.420215,265.88,ACH,Completed,Completed,0,202408,Cust_1005,South,2023-09-22 15:23:26.415093,-195.455,715.7675,911.2225000000001,Normal
357,1014,2025-02-19 15:23:26.423509,264.39,Card,Completed,Completed,0,202502,Cust_1014,South,2023-06-18 15:23:26.415180,-195.455,715.7675,911.2225000000001,Normal
274,1007,2024-05-25 15:23:26.421793,258.12,ACH,Completed,Completed,0,202405,Cust_1007,South,2025-01-26 15:23:26.415113,-195.455,715.7675,911.2225000000001,Normal
147,1002,2024-11-18 15:23:26.419134,243.29,Card,Completed,Completed,0,202411,Cust_1002,South,2024-04-22 15:23:26.415062,-195.455,715.7675,911.2225000000001,Normal
86,1005,2023-11-17 15:23:26.417887,227.54,Card,Refunded,Refunded,0,202311,Cust_1005,South,2023-09-22 15:23:26.415093,-195.455,715.7675,911.2225000000001,Normal
284,1007,2025-01-19 15:23:26.421994,218.66,Check,Completed,Completed,0,202501,Cust_1007,South,2025-01-26 15:23:26.415113,-195.455,715.7675,911.2225000000001,Normal
8,1003,2024-09-17 15:23:26.416203,207.41,ACH,Completed,Completed,0,202409,Cust_1003,South,2023-09-12 15:23:26.415072,-195.455,715.7675,911.2225000000001,Normal
301,1007,2024-05-30 15:23:26.422380,196.32,Card,Completed,Completed,0,202405,Cust_1007,South,2025-01-26 15:23:26.415113,-195.455,715.7675,911.2225000000001,Normal
321,1003,2025-03-30 15:23:26.422776,156.63,Check,Refunded,Refunded,0,202503,Cust_1003,South,2023-09-12 15:23:26.415072,-195.455,715.7675,911.2225000000001,Normal
554,1003,2024-06-28 15:23:26.427668,152.56,Card,Completed,Completed,0,202406,Cust_1003,South,2023-09-12 15:23:26.415072,-195.455,715.7675,911.2225000000001,Normal
92,1005,2024-03-21 15:23:26.418008,140.86,Check,Completed,Completed,0,202403,Cust_1005,South,2023-09-22 15:23:26.415093,-195.455,715.7675,911.2225000000001,Normal
391,1003,2025-02-10 15:23:26.424196,122.4,ACH,Completed,Completed,0,202502,Cust_1003,South,2023-09-12 15:23:26.415072,-195.455,715.7675,911.2225000000001,Normal
212,1007,2024-10-02 15:23:26.420480,118.82,ACH,Completed,Completed,0,202410,Cust_1007,South,2025-01-26 15:23:26.415113,-195.455,715.7675,911.2225000000001,Normal
472,1007,2024-02-05 15:23:26.425904,110.98,ACH,Completed,Completed,0,202402,Cust_1007,South,2025-01-26 15:23:26.415113,-195.455,715.7675,911.2225000000001,Normal
495,1014,2024-03-30 15:23:26.426387,108.31,Cash,Completed,Completed,0,202403,Cust_1014,South,2023-06-18 15:23:26.415180,-195.455,715.7675,911.2225000000001,Normal
271,1007,2024-12-22 15:23:26.421728,102.61,Card,Completed,Completed,0,202412,Cust_1007,South,2025-01-26 15:23:26.415113,-195.455,715.7675,911.2225000000001,Normal
109,1007,2024-08-13 15:23:26.418377,95.92,Card,Completed,Completed,0,202408,Cust_1007,South,2025-01-26 15:23:26.415113,-195.455,715.7675,911.2225000000001,Normal
6,1007,2024-10-24 15:23:26.416162,91.39,ACH,Completed,Completed,0,202410,Cust_1007,South,2025-01-26 15:23:26.415113,-195.455,715.7675,911.2225000000001,Normal
416,1002,2025-07-12 15:23:26.424721,83.67,Card,Completed,Completed,0,202507,Cust_1002,South,2024-04-22 15:23:26.415062,-195.455,715.7675,911.2225000000001,Normal
148,1012,2024-07-15 15:23:26.419154,82.07,Cash,Completed,Completed,0,202407,Cust_1012,South,2023-03-13 15:23:26.415162,-195.455,715.7675,911.2225000000001,Normal
177,1008,2024-05-27 15:23:26.419765,70.22,Card,Completed,Completed,0,202405,Cust_1008,South,2025-07-31 15:23:26.415123,-195.455,715.7675,911.2225000000001,Normal
21,1002,2024-07-31 15:23:26.416508,59.8,Card,Completed,Completed,0,202407,Cust_1002,South,2024-04-22 15:23:26.415062,-195.455,715.7675,911.2225000000001,Normal
48,1005,2025-04-28 15:23:26.417048,59.19,Check,Completed,Completed,0,202504,Cust_1005,South,2023-09-22 15:23:26.415093,-195.455,715.7675,911.2225000000001,Normal
152,1002,2024-07-03 15:23:26.419232,58.66,Card,Completed,Completed,0,202407,Cust_1002,South,2024-04-22 15:23:26.415062,-195.455,715.7675,911.2225000000001,Normal
252,1003,2025-03-05 15:23:26.421300,57.07,Card,Completed,Completed,0,202503,Cust_1003,South,2023-09-12 15:23:26.415072,-195.455,715.7675,911.2225000000001,Normal
560,1008,2025-09-12 15:23:26.427790,45.74,Check,Completed,Completed,0,202509,Cust_1008,South,2025-07-31 15:23:26.415123,-195.455,715.7675,911.2225000000001,Normal
524,1002,2025-05-28 15:23:26.427021,37.14,Check,Completed,Completed,0,202505,Cust_1002,South,2024-04-22 15:23:26.415062,-195.455,715.7675,911.2225000000001,Normal
519,1014,2023-12-25 15:23:26.426922,25.3,Card,Completed,Completed,0,202312,Cust_1014,South,2023-06-18 15:23:26.415180,-195.455,715.7675,911.2225000000001,Normal
227,1003,2025-05-31 15:23:26.420778,25.27,Cash,Completed,Completed,0,202505,Cust_1003,South,2023-09-12 15:23:26.415072,-195.455,715.7675,911.2225000000001,Normal
597,1002,2024-10-11 15:23:26.428566,22.35,Card,Completed,Completed,0,202410,Cust_1002,South,2024-04-22 15:23:26.415062,-195.455,715.7675,911.2225000000001,Normal
425,1014,2025-06-05 15:23:26.424899,16.49,ACH,Completed,Completed,0,202506,Cust_1014,South,2023-06-18 15:23:26.415180,-195.455,715.7675,911.2225000000001,Normal
430,1008,2024-06-29 15:23:26.424995,8.06,ACH,Completed,Completed,0,202406,Cust_1008,South,2025-07-31 15:23:26.415123,-195.455,715.7675,911.2225000000001,Normal
556,1002,2023-11-04 15:23:26.427710,-8.4,Card,Completed,Completed,1,202311,Cust_1002,South,2024-04-22 15:23:26.415062,-195.455,715.7675,911.2225000000001,Normal
189,1002,2024-07-01 15:23:26.420001,-12.11,Check,Completed,Completed,1,202407,Cust_1002,South,2024-04-22 15:23:26.415062,-195.455,715.7675,911.2225000000001,Normal
201,1005,2025-05-01 15:23:26.420234,-22.67,Cash,Completed,Completed,1,202505,Cust_1005,South,2023-09-22 15:23:26.415093,-195.455,715.7675,911.2225000000001,Normal
596,1005,2025-09-27 15:23:26.428547,-31.59,Check,Completed,Completed,1,202509,Cust_1005,South,2023-09-22 15:23:26.415093,-195.455,715.7675,911.2225000000001,Normal
269,1002,2024-09-20 15:23:26.421643,-32.8,Card,Completed,Completed,1,202409,Cust_1002,South,2024-04-22 15:23:26.415062,-195.455,715.7675,911.2225000000001,Normal
270,1002,2024-12-27 15:23:26.421664,-37.18,Check,Completed,Completed,1,202412,Cust_1002,South,2024-04-22 15:23:26.415062,-195.455,715.7675,911.2225000000001,Normal
114,1008,2025-06-11 15:23:26.418479,-49.87,Card,Completed,Completed,1,202506,Cust_1008,South,2025-07-31 15:23:26.415123,-195.455,715.7675,911.2225000000001,Normal
167,1007,2023-12-11 15:23:26.419556,-59.95,Card,Completed,Completed,1,202312,Cust_1007,South,2025-01-26 15:23:26.415113,-195.455,715.7675,911.2225000000001,Normal
305,1008,2024-06-22 15:23:26.422462,-91.55,Check,Refunded,Refunded,1,202406,Cust_1008,South,2025-07-31 15:23:26.415123,-195.455,715.7675,911.2225000000001,Normal
205,1008,2025-04-18 15:23:26.420344,-105.22,Card,Completed,Completed,1,202504,Cust_1008,South,2025-07-31 15:23:26.415123,-195.455,715.7675,911.2225000000001,Normal
144,1002,2024-07-21 15:23:26.419073,-122.67,Check,Completed,Completed,1,202407,Cust_1002,South,2024-04-22 15:23:26.415062,-195.455,715.7675,911.2225000000001,Normal
214,1012,2024-02-05 15:23:26.420522,-131.21,Card,Completed,Completed,1,202402,Cust_1012,South,2023-03-13 15:23:26.415162,-195.455,715.7675,911.2225000000001,Normal
268,1008,2025-07-19 15:23:26.421624,-142.9,Check,Completed,Completed,1,202507,Cust_1008,South,2025-07-31 15:23:26.415123,-195.455,715.7675,911.2225000000001,Normal
119,1003,2024-03-14 15:23:26.418576,-143.97,ACH,Refunded,Refunded,1,202403,Cust_1003,South,2023-09-12 15:23:26.415072,-195.455,715.7675,911.2225000000001,Normal
464,1014,2024-05-28 15:23:26.425742,-159.93,ACH,Completed,Completed,1,202405,Cust_1014,South,2023-06-18 15:23:26.415180,-195.455,715.7675,911.2225000000001,Normal
540,1008,2025-10-08 15:23:26.427368,-167.41,ACH,Completed,Completed,1,202510,Cust_1008,South,2025-07-31 15:23:26.415123,-195.455,715.7675,911.2225000000001,Normal
329,1003,2024-12-12 15:23:26.422935,-170.53,Cash,Completed,Completed,1,202412,Cust_1003,South,2023-09-12 15:23:26.415072,-195.455,715.7675,911.2225000000001,Normal
100,1014,2025-06-13 15:23:26.418166,-174.51,Card,Completed,Completed,1,202506,Cust_1014,South,2023-06-18 15:23:26.415180,-195.455,715.7675,911.2225000000001,Normal
300,1002,2025-05-11 15:23:26.422359,-185.35,Card,Completed,Completed,1,202505,Cust_1002,South,2024-04-22 15:23:26.415062,-195.455,715.7675,911.2225000000001,Normal
57,1007,2024-03-26 15:23:26.417226,-189.96,Check,Completed,Completed,1,202403,Cust_1007,South,2025-01-26 15:23:26.415113,-195.455,715.7675,911.2225000000001,Normal
323,1008,2024-08-26 15:23:26.422815,-211.94,ACH,Completed,Completed,1,202408,Cust_1008,South,2025-07-31 15:23:26.415123,-195.455,715.7675,911.2225000000001,Normal
280,1003,2024-01-03 15:23:26.421911,-223.87,Card,Completed,Completed,1,202401,Cust_1003,South,2023-09-12 15:23:26.415072,-195.455,715.7675,911.2225000000001,Normal
475,1005,2024-11-20 15:23:26.425962,-224.38,ACH,Completed,Completed,1,202411,Cust_1005,South,2023-09-22 15:23:26.415093,-195.455,715.7675,911.2225000000001,Normal
543,1002,2024-08-17 15:23:26.427443,-232.2,Check,Completed,Completed,1,202408,Cust_1002,South,2024-04-22 15:23:26.415062,-195.455,715.7675,911.2225000000001,Normal
208,1007,2024-07-16 15:23:26.420403,-246.75,ACH,Completed,Completed,1,202407,Cust_1007,South,2025-01-26 15:23:26.415113,-195.455,715.7675,911.2225000000001,Normal
531,1012,2024-01-29 15:23:26.427157,-248.7,Card,Completed,Completed,1,202401,Cust_1012,South,2023-03-13 15:23:26.415162,-195.455,715.7675,911.2225000000001,Normal
566,1007,2024-05-09 15:23:26.427907,-253.17,Card,Completed,Completed,1,202405,Cust_1007,South,2025-01-26 15:23:26.415113,-195.455,715.7675,911.2225000000001,Normal
436,1012,2025-09-06 15:23:26.425115,-258.8,Card,Completed,Completed,1,202509,Cust_1012,South,2023-03-13 15:23:26.415162,-195.455,715.7675,911.2225000000001,Normal
585,1008,2024-07-07 15:23:26.428327,-265.21,Cash,Completed,Completed,1,202407,Cust_1008,South,2025-07-31 15:23:26.415123,-195.455,715.7675,911.2225000000001,Normal
210,1012,2024-09-20 15:23:26.420441,-273.98,Check,Completed,Completed,1,202409,Cust_1012,South,2023-03-13 15:23:26.415162,-195.455,715.7675,911.2225000000001,Normal
30,1012,2024-10-15 15:23:26.416690,-294.27,Card,Completed,Completed,1,202410,Cust_1012,South,2023-03-13 15:23:26.415162,-195.455,715.7675,911.2225000000001,Normal
107,1002,2024-03-13 15:23:26.418334,-300.75,ACH,Completed,Completed,1,202403,Cust_1002,South,2024-04-22 15:23:26.415062,-195.455,715.7675,911.2225000000001,Normal
507,1014,2025-03-01 15:23:26.426631,-378.16,Check,Completed,Completed,1,202503,Cust_1014,South,2023-06-18 15:23:26.415180,-195.455,715.7675,911.2225000000001,Normal
536,1003,2024-09-21 15:23:26.427258,-401.43,ACH,Completed,Completed,1,202409,Cust_1003,South,2023-09-12 15:23:26.415072,-195.455,715.7675,911.2225000000001,Normal
102,1012,2025-01-29 15:23:26.418205,-405.13,Cash,Completed,Completed,1,202501,Cust_1012,South,2023-03-13 15:23:26.415162,-195.455,715.7675,911.2225000000001,Normal
509,1003,2024-09-18 15:23:26.426670,-452.74,Check,Completed,Completed,1,202409,Cust_1003,South,2023-09-12 15:23:26.415072,-195.455,715.7675,911.2225000000001,Normal
295,1003,2024-12-27 15:23:26.422220,-454.71,Cash,Completed,Completed,1,202412,Cust_1003,South,2023-09-12 15:23:26.415072,-195.455,715.7675,911.2225000000001,Normal
267,1003,2025-09-13 15:23:26.421605,-471.83,Check,Completed,Completed,1,202509,Cust_1003,South,2023-09-12 15:23:26.415072,-195.455,715.7675,911.2225000000001,Normal
96,1005,2023-12-16 15:23:26.418088,-485.71,Card,Completed,Completed,1,202312,Cust_1005,South,2023-09-22 15:23:26.415093,-195.455,715.7675,911.2225000000001,Normal
562,1007,2024-04-08 15:23:26.427829,-495.33,Check,Completed,Completed,1,202404,Cust_1007,South,2025-01-26 15:23:26.415113,-195.455,715.7675,911.2225000000001,Normal
81,1012,2025-07-21 15:23:26.417783,-499.04,ACH,Completed,Completed,1,202507,Cust_1012,South,2023-03-13 15:23:26.415162,-195.455,715.7675,911.2225000000001,Normal
435,1003,2024-01-07 15:23:26.425095,-507.97,ACH,Completed,Completed,1,202401,Cust_1003,South,2023-09-12 15:23:26.415072,-195.455,715.7675,911.2225000000001,Normal
207,1002,2024-10-31 15:23:26.420383,-515.82,Check,Completed,Completed,1,202410,Cust_1002,South,2024-04-22 15:23:26.415062,-195.455,715.7675,911.2225000000001,Normal
414,1002,2025-09-30 15:23:26.424683,-516.41,Cash,Completed,Completed,1,202509,Cust_1002,South,2024-04-22 15:23:26.415062,-195.455,715.7675,911.2225000000001,Normal
32,1005,2023-12-20 15:23:26.416729,-539.11,ACH,Completed,Completed,1,202312,Cust_1005,South,2023-09-22 15:23:26.415093,-195.455,715.7675,911.2225000000001,Normal
587,1007,2025-03-15 15:23:26.428367,-561.16,Check,Refunded,Refunded,1,202503,Cust_1007,South,2025-01-26 15:23:26.415113,-195.455,715.7675,911.2225000000001,Normal
122,1007,2025-03-23 15:23:26.418636,-570.8,Check,Completed,Completed,1,202503,Cust_1007,South,2025-01-26 15:23:26.415113,-195.455,715.7675,911.2225000000001,Normal
477,1002,2023-11-24 15:23:26.426004,-599.16,Card,Completed,Completed,1,202311,Cust_1002,South,2024-04-22 15:23:26.415062,-195.455,715.7675,911.2225000000001,Normal
72,1008,2025-08-26 15:23:26.417556,-615.7,Cash,Completed,Completed,1,202508,Cust_1008,South,2025-07-31 15:23:26.415123,-195.455,715.7675,911.2225000000001,Normal
467,1014,2025-08-11 15:23:26.425802,-646.12,Cash,Completed,Completed,1,202508,Cust_1014,South,2023-06-18 15:23:26.415180,-195.455,715.7675,911.2225000000001,Normal
60,1012,2023-11-05 15:23:26.417315,-688.16,Check,Completed,Completed,1,202311,Cust_1012,South,2023-03-13 15:23:26.415162,-195.455,715.7675,911.2225000000001,Normal
204,1012,2023-12-26 15:23:26.420324,-701.07,ACH,Completed,Completed,1,202312,Cust_1012,South,2023-03-13 15:23:26.415162,-195.455,715.7675,911.2225000000001,Normal
412,1008,2025-02-03 15:23:26.424641,-758.35,Check,Completed,Completed,1,202502,Cust_1008,South,2025-07-31 15:23:26.415123,-195.455,715.7675,911.2225000000001,Normal
203,1007,2025-09-20 15:23:26.420299,-758.71,Check,Completed,Completed,1,202509,Cust_1007,South,2025-01-26 15:23:26.415113,-195.455,715.7675,911.2225000000001,Normal
240,1007,2025-02-18 15:23:26.421037,-759.59,Check,Completed,Completed,1,202502,Cust_1007,South,2025-01-26 15:23:26.415113,-195.455,715.7675,911.2225000000001,Normal
375,1012,2025-02-20 15:23:26.423882,-833.46,ACH,Completed,Completed,1,202502,Cust_1012,South,2023-03-13 15:23:26.415162,-195.455,715.7675,911.2225000000001,Normal
209,1007,2023-11-05 15:23:26.420422,-874.35,Cash,Completed,Completed,1,202311,Cust_1007,South,2025-01-26 15:23:26.415113,-195.455,715.7675,911.2225000000001,Normal
388,1005,2025-03-13 15:23:26.424138,-912.18,Check,Completed,Completed,1,202503,Cust_1005,South,2023-09-22 15:23:26.415093,-195.455,715.7675,911.2225000000001,Normal
450,1007,2025-01-07 15:23:26.425420,-916.4,Card,Completed,Completed,1,202501,Cust_1007,South,2025-01-26 15:23:26.415113,-195.455,715.7675,911.2225000000001,Normal
98,1014,2024-03-23 15:23:26.418127,-987.89,Check,,Unknown,1,202403,Cust_1014,South,2023-06-18 15:23:26.415180,-195.455,715.7675,911.2225000000001,Normal
242,1014,2025-10-06 15:23:26.421077,-1047.08,Card,Completed,Completed,1,202510,Cust_1014,South,2023-06-18 15:23:26.415180,-195.455,715.7675,911.2225000000001,Normal
380,1005,2024-03-10 15:23:26.423981,-1055.58,Check,Completed,Completed,1,202403,Cust_1005,South,2023-09-22 15:23:26.415093,-195.455,715.7675,911.2225000000001,Normal
151,1014,2024-12-31 15:23:26.419213,-1212.19,Cash,Completed,Completed,1,202412,Cust_1014,South,2023-06-18 15:23:26.415180,-195.455,715.7675,911.2225000000001,Normal
496,1005,2025-10-08 15:23:26.426409,-1304.68,Cash,Completed,Completed,1,202510,Cust_1005,South,2023-09-22 15:23:26.415093,-195.455,715.7675,911.2225000000001,Normal
504,1007,2025-09-28 15:23:26.426572,-1363.25,Card,Completed,Completed,1,202509,Cust_1007,South,2025-01-26 15:23:26.415113,-195.455,715.7675,911.2225000000001,Normal
99,1005,2025-09-21 15:23:26.418147,-1371.26,Card,Completed,Completed,1,202509,Cust_1005,South,2023-09-22 15:23:26.415093,-195.455,715.7675,911.2225000000001,Normal
310,1003,2024-09-19 15:23:26.422559,-1439.38,Cash,Completed,Completed,1,202409,Cust_1003,South,2023-09-12 15:23:26.415072,-195.455,715.7675,911.2225000000001,Normal
279,1014,2025-02-13 15:23:26.421892,-1448.0,ACH,Completed,Completed,1,202502,Cust_1014,South,2023-06-18 15:23:26.415180,-195.455,715.7675,911.2225000000001,Normal
93,1003,2024-03-27 15:23:26.418028,-1622.7,ACH,Completed,Completed,1,202403,Cust_1003,South,2023-09-12 15:23:26.415072,-195.455,715.7675,911.2225000000001,Low
236,1013,2024-09-22 15:23:26.420955,2505.8,Cash,Completed,Completed,0,202409,Cust_1013,West,2023-11-19 15:23:26.415171,-153.12,701.5450000000001,854.6650000000001,High
276,1010,2024-05-05 15:23:26.421833,1593.43,Card,Completed,Completed,0,202405,Cust_1010,West,2025-09-07 15:23:26.415142,-153.12,701.5450000000001,854.6650000000001,Normal
508,1010,2024-05-17 15:23:26.426650,1568.28,Card,Completed,Completed,0,202405,Cust_1010,West,2025-09-07 15:23:26.415142,-153.12,701.5450000000001,854.6650000000001,Normal
567,1016,2024-06-27 15:23:26.427927,1551.38,ACH,Completed,Completed,0,202406,Cust_1016,West,2024-09-28 15:23:26.415199,-153.12,701.5450000000001,854.6650000000001,Normal
82,1013,2025-06-20 15:23:26.417803,1455.41,ACH,Completed,Completed,0,202506,Cust_1013,West,2023-11-19 15:23:26.415171,-153.12,701.5450000000001,854.6650000000001,Normal
534,1018,2023-12-16 15:23:26.427216,1438.56,Card,Completed,Completed,0,202312,Cust_1018,West,2024-11-17 15:23:26.415218,-153.12,701.5450000000001,854.6650000000001,Normal
379,1010,2025-02-08 15:23:26.423961,1391.92,Cash,Completed,Completed,0,202502,Cust_1010,West,2025-09-07 15:23:26.415142,-153.12,701.5450000000001,854.6650000000001,Normal
85,1013,2025-06-06 15:23:26.417862,1374.56,Check,Completed,Completed,0,202506,Cust_1013,West,2023-11-19 15:23:26.415171,-153.12,701.5450000000001,854.6650000000001,Normal
598,1013,2024-10-11 15:23:26.428586,1371.99,ACH,Completed,Completed,0,202410,Cust_1013,West,2023-11-19 15:23:26.415171,-153.12,701.5450000000001,854.6650000000001,Normal
29,1016,2024-05-05 15:23:26.416670,1360.24,Check,Completed,Completed,0,202405,Cust_1016,West,2024-09-28 15:23:26.415199,-153.12,701.5450000000001,854.6650000000001,Normal
406,1013,2024-09-03 15:23:26.424524,1323.73,ACH,Completed,Completed,0,202409,Cust_1013,West,2023-11-19 15:23:26.415171,-153.12,701.5450000000001,854.6650000000001,Normal
473,1011,2025-04-12 15:23:26.425924,1291.73,ACH,Completed,Completed,0,202504,Cust_1011,West,2025-09-27 15:23:26.415152,-153.12,701.5450000000001,854.6650000000001,Normal
187,1011,2024-03-06 15:23:26.419962,1285.09,ACH,Completed,Completed,0,202403,Cust_1011,West,2025-09-27 15:23:26.415152,-153.12,701.5450000000001,854.6650000000001,Normal
343,1016,2025-01-03 15:23:26.423209,1261.56,ACH,Completed,Completed,0,202501,Cust_1016,West,2024-09-28 15:23:26.415199,-153.12,701.5450000000001,854.6650000000001,Normal
599,1010,2023-12-14 15:23:26.428605,1217.54,Check,Completed,Completed,0,202312,Cust_1010,West,2025-09-07 15:23:26.415142,-153.12,701.5450000000001,854.6650000000001,Normal
253,1018,2024-04-11 15:23:26.421322,1204.03,ACH,Refunded,Refunded,0,202404,Cust_1018,West,2024-11-17 15:23:26.415218,-153.12,701.5450000000001,854.6650000000001,Normal
84,1010,2024-06-25 15:23:26.417842,1186.28,ACH,Completed,Completed,0,202406,Cust_1010,West,2025-09-07 15:23:26.415142,-153.12,701.5450000000001,854.6650000000001,Normal
154,1016,2023-12-11 15:23:26.419293,1178.21,Cash,Completed,Completed,0,202312,Cust_1016,West,2024-09-28 15:23:26.415199,-153.12,701.5450000000001,854.6650000000001,Normal
164,1018,2024-07-28 15:23:26.419493,1154.8,Cash,Completed,Completed,0,202407,Cust_1018,West,2024-11-17 15:23:26.415218,-153.12,701.5450000000001,854.6650000000001,Normal
351,1013,2024-05-01 15:23:26.423392,1128.22,Check,Completed,Completed,0,202405,Cust_1013,West,2023-11-19 15:23:26.415171,-153.12,701.5450000000001,854.6650000000001,Normal
470,1019,2024-10-26 15:23:26.425865,1092.89,ACH,Completed,Completed,0,202410,Cust_1019,West,2024-09-26 15:23:26.415227,-153.12,701.5450000000001,854.6650000000001,Normal
47,1019,2024-10-25 15:23:26.417026,1074.1,Card,Completed,Completed,0,202410,Cust_1019,West,2024-09-26 15:23:26.415227,-153.12,701.5450000000001,854.6650000000001,Normal
166,1019,2025-03-04 15:23:26.419536,1035.61,ACH,Completed,Completed,0,202503,Cust_1019,West,2024-09-26 15:23:26.415227,-153.12,701.5450000000001,854.6650000000001,Normal
97,1011,2024-07-01 15:23:26.418107,1026.93,Card,Completed,Completed,0,202407,Cust_1011,West,2025-09-27 15:23:26.415152,-153.12,701.5450000000001,854.6650000000001,Normal
593,1018,2025-04-17 15:23:26.428484,1019.91,Check,Completed,Completed,0,202504,Cust_1018,West,2024-11-17 15:23:26.415218,-153.12,701.5450000000001,854.6650000000001,Normal
231,1011,2025-10-19 15:23:26.420855,981.2,Cash,Completed,Completed,0,202510,Cust_1011,West,2025-09-27 15:23:26.415152,-153.12,701.5450000000001,854.6650000000001,Normal
248,1010,2025-10-18 15:23:26.421196,974.42,Cash,Completed,Completed,0,202510,Cust_1010,West,2025-09-07 15:23:26.415142,-153.12,701.5450000000001,854.6650000000001,Normal
63,1013,2024-03-24 15:23:26.417376,894.23,Check,Completed,Completed,0,202403,Cust_1013,West,2023-11-19 15:23:26.415171,-153.12,701.5450000000001,854.6650000000001,Normal
88,1010,2025-05-19 15:23:26.417931,871.39,ACH,Completed,Completed,0,202505,Cust_1010,West,2025-09-07 15:23:26.415142,-153.12,701.5450000000001,854.6650000000001,Normal
516,1011,2025-05-04 15:23:26.426862,858.61,ACH,Completed,Completed,0,202505,Cust_1011,West,2025-09-27 15:23:26.415152,-153.12,701.5450000000001,854.6650000000001,Normal
449,1010,2025-03-15 15:23:26.425401,814.03,Card,Completed,Completed,0,202503,Cust_1010,West,2025-09-07 15:23:26.415142,-153.12,701.5450000000001,854.6650000000001,Normal
513,1010,2024-02-15 15:23:26.426749,813.41,Cash,Completed,Completed,0,202402,Cust_1010,West,2025-09-07 15:23:26.415142,-153.12,701.5450000000001,854.6650000000001,Normal
569,1013,2025-04-12 15:23:26.427965,811.08,Check,Completed,Completed,0,202504,Cust_1013,West,2023-11-19 15:23:26.415171,-153.12,701.5450000000001,854.6650000000001,Normal
368,1013,2025-01-06 15:23:26.423743,785.09,Card,Completed,Completed,0,202501,Cust_1013,West,2023-11-19 15:23:26.415171,-153.12,701.5450000000001,854.6650000000001,Normal
228,1010,2024-08-26 15:23:26.420797,781.28,Cash,Completed,Completed,0,202408,Cust_1010,West,2025-09-07 15:23:26.415142,-153.12,701.5450000000001,854.6650000000001,Normal
73,1013,2025-05-06 15:23:26.417575,775.37,ACH,Completed,Completed,0,202505,Cust_1013,West,2023-11-19 15:23:26.415171,-153.12,701.5450000000001,854.6650000000001,Normal
140,1011,2024-04-17 15:23:26.418996,770.01,Cash,Completed,Completed,0,202404,Cust_1011,West,2025-09-27 15:23:26.415152,-153.12,701.5450000000001,854.6650000000001,Normal
178,1011,2024-09-07 15:23:26.419784,761.5,Cash,Completed,Completed,0,202409,Cust_1011,West,2025-09-27 15:23:26.415152,-153.12,701.5450000000001,854.6650000000001,Normal
106,1018,2025-01-30 15:23:26.418313,758.93,Check,Completed,Completed,0,202501,Cust_1018,West,2024-11-17 15:23:26.415218,-153.12,701.5450000000001,854.6650000000001,Normal
37,1018,2025-01-06 15:23:26.416827,757.53,ACH,Refunded,Refunded,0,202501,Cust_1018,West,2024-11-17 15:23:26.415218,-153.12,701.5450000000001,854.6650000000001,Normal
103,1010,2024-10-14 15:23:26.418224,745.23,Check,Completed,Completed,0,202410,Cust_1010,West,2025-09-07 15:23:26.415142,-153.12,701.5450000000001,854.6650000000001,Normal
278,1019,2023-11-03 15:23:26.421872,743.57,Cash,Completed,Completed,0,202311,Cust_1019,West,2024-09-26 15:23:26.415227,-153.12,701.5450000000001,854.6650000000001,Normal
422,1019,2024-11-03 15:23:26.424840,737.88,Cash,Completed,Completed,0,202411,Cust_1019,West,2024-09-26 15:23:26.415227,-153.12,701.5450000000001,854.6650000000001,Normal
338,1018,2025-01-19 15:23:26.423109,735.18,Check,Completed,Completed,0,202501,Cust_1018,West,2024-11-17 15:23:26.415218,-153.12,701.5450000000001,854.6650000000001,Normal
377,1010,2025-06-11 15:23:26.423920,727.8,Card,Completed,Completed,0,202506,Cust_1010,West,2025-09-07 15:23:26.415142,-153.12,701.5450000000001,854.6650000000001,Normal
474,1011,2025-07-01 15:23:26.425943,727.6,Card,Refunded,Refunded,0,202507,Cust_1011,West,2025-09-27 15:23:26.415152,-153.12,701.5450000000001,854.6650000000001,Normal
318,1016,2025-09-04 15:23:26.422715,724.0,Card,Completed,Completed,0,202509,Cust_1016,West,2024-09-28 15:23:26.415199,-153.12,701.5450000000001,854.6650000000001,Normal
452,1019,2024-03-12 15:23:26.425459,701.73,ACH,Completed,Completed,0,202403,Cust_1019,West,2024-09-26 15:23:26.415227,-153.12,701.5450000000001,854.6650000000001,Normal
287,1010,2024-03-24 15:23:26.422064,701.36,Cash,Completed,Completed,0,202403,Cust_1010,West,2025-09-07 15:23:26.415142,-153.12,701.5450000000001,854.6650000000001,Normal
497,1018,2025-08-06 15:23:26.426428,697.27,ACH,Completed,Completed,0,202508,Cust_1018,West,2024-11-17 15:23:26.415218,-153.12,701.5450000000001,854.6650000000001,Normal
415,1019,2025-01-14 15:23:26.424702,681.04,Card,Completed,Completed,0,202501,Cust_1019,West,2024-09-26 15:23:26.415227,-153.12,701.5450000000001,854.6650000000001,Normal
134,1013,2025-05-09 15:23:26.418879,676.96,Cash,Completed,Completed,0,202505,Cust_1013,West,2023-11-19 15:23:26.415171,-153.12,701.5450000000001,854.6650000000001,Normal
220,1011,2024-12-29 15:23:26.420639,651.1,Cash,Refunded,Refunded,0,202412,Cust_1011,West,2025-09-27 15:23:26.415152,-153.12,701.5450000000001,854.6650000000001,Normal
113,1019,2025-04-29 15:23:26.418459,632.98,ACH,Completed,Completed,0,202504,Cust_1019,West,2024-09-26 15:23:26.415227,-153.12,701.5450000000001,854.6650000000001,Normal
491,1019,2024-11-04 15:23:26.426302,626.07,Check,Completed,Completed,0,202411,Cust_1019,West,2024-09-26 15:23:26.415227,-153.12,701.5450000000001,854.6650000000001,Normal
419,1013,2025-08-26 15:23:26.424782,620.61,Card,Completed,Completed,0,202508,Cust_1013,West,2023-11-19 15:23:26.415171,-153.12,701.5450000000001,854.6650000000001,Normal
254,1010,2023-10-22 15:23:26.421342,618.16,ACH,Completed,Completed,0,202310,Cust_1010,West,2025-09-07 15:23:26.415142,-153.12,701.5450000000001,854.6650000000001,Normal
555,1010,2024-08-08 15:23:26.427690,610.94,Check,Completed,Completed,0,202408,Cust_1010,West,2025-09-07 15:23:26.415142,-153.12,701.5450000000001,854.6650000000001,Normal
184,1016,2024-02-21 15:23:26.419903,600.0,ACH,Refunded,Refunded,0,202402,Cust_1016,West,2024-09-28 15:23:26.415199,-153.12,701.5450000000001,854.6650000000001,Normal
299,1019,2025-05-09 15:23:26.422339,590.52,Card,Completed,Completed,0,202505,Cust_1019,West,2024-09-26 15:23:26.415227,-153.12,701.5450000000001,854.6650000000001,Normal
581,1018,2024-01-04 15:23:26.428210,589.25,Cash,Completed,Completed,0,202401,Cust_1018,West,2024-11-17 15:23:26.415218,-153.12,701.5450000000001,854.6650000000001,Normal
455,1011,2024-09-06 15:23:26.425520,582.01,Cash,Completed,Completed,0,202409,Cust_1011,West,2025-09-27 15:23:26.415152,-153.12,701.5450000000001,854.6650000000001,Normal
574,1016,2024-10-16 15:23:26.428072,578.62,Check,Completed,Completed,0,202410,Cust_1016,West,2024-09-28 15:23:26.415199,-153.12,701.5450000000001,854.6650000000001,Normal
563,1011,2024-07-28 15:23:26.427849,572.42,Card,Refunded,Refunded,0,202407,Cust_1011,West,2025-09-27 15:23:26.415152,-153.12,701.5450000000001,854.6650000000001,Normal
315,1010,2024-10-14 15:23:26.422657,571.78,Cash,Completed,Completed,0,202410,Cust_1010,West,2025-09-07 15:23:26.415142,-153.12,701.5450000000001,854.6650000000001,Normal
250,1018,2024-09-20 15:23:26.421236,569.1,ACH,Completed,Completed,0,202409,Cust_1018,West,2024-11-17 15:23:26.415218,-153.12,701.5450000000001,854.6650000000001,Normal
283,1019,2025-03-21 15:23:26.421974,530.37,Check,Completed,Completed,0,202503,Cust_1019,West,2024-09-26 15:23:26.415227,-153.12,701.5450000000001,854.6650000000001,Normal
397,1019,2024-03-23 15:23:26.424344,522.98,ACH,Completed,Completed,0,202403,Cust_1019,West,2024-09-26 15:23:26.415227,-153.12,701.5450000000001,854.6650000000001,Normal
326,1016,2024-03-14 15:23:26.422873,508.64,Check,Refunded,Refunded,0,202403,Cust_1016,West,2024-09-28 15:23:26.415199,-153.12,701.5450000000001,854.6650000000001,Normal
322,1016,2025-02-03 15:23:26.422796,487.8,ACH,Completed,Completed,0,202502,Cust_1016,West,2024-09-28 15:23:26.415199,-153.12,701.5450000000001,854.6650000000001,Normal
173,1019,2024-05-03 15:23:26.419684,475.97,Check,Completed,Completed,0,202405,Cust_1019,West,2024-09-26 15:23:26.415227,-153.12,701.5450000000001,854.6650000000001,Normal
394,1013,2025-09-07 15:23:26.424254,475.41,ACH,Completed,Completed,0,202509,Cust_1013,West,2023-11-19 15:23:26.415171,-153.12,701.5450000000001,854.6650000000001,Normal
216,1018,2025-10-02 15:23:26.420561,455.88,Card,Completed,Completed,0,202510,Cust_1018,West,2024-11-17 15:23:26.415218,-153.12,701.5450000000001,854.6650000000001,Normal
50,1013,2024-10-09 15:23:26.417087,455.73,Cash,Completed,Completed,0,202410,Cust_1013,West,2023-11-19 15:23:26.415171,-153.12,701.5450000000001,854.6650000000001,Normal
466,1013,2025-01-25 15:23:26.425782,437.52,Check,Completed,Completed,0,202501,Cust_1013,West,2023-11-19 15:23:26.415171,-153.12,701.5450000000001,854.6650000000001,Normal
334,1018,2024-05-17 15:23:26.423032,436.47,ACH,Completed,Completed,0,202405,Cust_1018,West,2024-11-17 15:23:26.415218,-153.12,701.5450000000001,854.6650000000001,Normal
538,1019,2024-12-04 15:23:26.427326,425.66,Check,Completed,Completed,0,202412,Cust_1019,West,2024-09-26 15:23:26.415227,-153.12,701.5450000000001,854.6650000000001,Normal
145,1018,2024-08-04 15:23:26.419095,419.8,ACH,Completed,Completed,0,202408,Cust_1018,West,2024-11-17 15:23:26.415218,-153.12,701.5450000000001,854.6650000000001,Normal
45,1016,2025-09-02 15:23:26.416986,418.82,Cash,Completed,Completed,0,202509,Cust_1016,West,2024-09-28 15:23:26.415199,-153.12,701.5450000000001,854.6650000000001,Normal
539,1019,2024-08-07 15:23:26.427346,411.7,Cash,Completed,Completed,0,202408,Cust_1019,West,2024-09-26 15:23:26.415227,-153.12,701.5450000000001,854.6650000000001,Normal
557,1011,2024-05-22 15:23:26.427729,398.08,Check,Completed,Completed,0,202405,Cust_1011,West,2025-09-27 15:23:26.415152,-153.12,701.5450000000001,854.6650000000001,Normal
511,1016,2025-09-26 15:23:26.426709,382.83,Cash,Completed,Completed,0,202509,Cust_1016,West,2024-09-28 15:23:26.415199,-153.12,701.5450000000001,854.6650000000001,Normal
17,1019,2024-05-12 15:23:26.416429,361.02,Check,Completed,Completed,0,202405,Cust_1019,West,2024-09-26 15:23:26.415227,-153.12,701.5450000000001,854.6650000000001,Normal
564,1016,2024-04-18 15:23:26.427868,359.53,ACH,Completed,Completed,0,202404,Cust_1016,West,2024-09-28 15:23:26.415199,-153.12,701.5450000000001,854.6650000000001,Normal
447,1010,2023-11-04 15:23:26.425362,354.03,Cash,Completed,Completed,0,202311,Cust_1010,West,2025-09-07 15:23:26.415142,-153.12,701.5450000000001,854.6650000000001,Normal
502,1019,2024-07-22 15:23:26.426532,335.52,Card,Completed,Completed,0,202407,Cust_1019,West,2024-09-26 15:23:26.415227,-153.12,701.5450000000001,854.6650000000001,Normal
355,1013,2024-08-11 15:23:26.423470,317.35,Cash,Completed,Completed,0,202408,Cust_1013,West,2023-11-19 15:23:26.415171,-153.12,701.5450000000001,854.6650000000001,Normal
319,1011,2025-07-31 15:23:26.422735,303.1,Check,Completed,Completed,0,202507,Cust_1011,West,2025-09-27 15:23:26.415152,-153.12,701.5450000000001,854.6650000000001,Normal
487,1018,2024-07-30 15:23:26.426198,297.87,ACH,Completed,Completed,0,202407,Cust_1018,West,2024-11-17 15:23:26.415218,-153.12,701.5450000000001,854.6650000000001,Normal
64,1013,2024-10-13 15:23:26.417395,296.53,Check,Completed,Completed,0,202410,Cust_1013,West,2023-11-19 15:23:26.415171,-153.12,701.5450000000001,854.6650000000001,Normal
407,1019,2025-01-14 15:23:26.424543,294.0,Card,Completed,Completed,0,202501,Cust_1019,West,2024-09-26 15:23:26.415227,-153.12,701.5450000000001,854.6650000000001,Normal
312,1010,2024-07-04 15:23:26.422599,284.68,Card,Completed,Completed,0,202407,Cust_1010,West,2025-09-07 15:23:26.415142,-153.12,701.5450000000001,854.6650000000001,Normal
180,1011,2023-11-30 15:23:26.419823,284.15,ACH,Completed,Completed,0,202311,Cust_1011,West,2025-09-27 15:23:26.415152,-153.12,701.5450000000001,854.6650000000001,Normal
342,1016,2024-07-20 15:23:26.423189,275.36,Check,Completed,Completed,0,202407,Cust_1016,West,2024-09-28 15:23:26.415199,-153.12,701.5450000000001,854.6650000000001,Normal
552,1018,2025-06-19 15:23:26.427626,258.77,Cash,Completed,Completed,0,202506,Cust_1018,West,2024-11-17 15:23:26.415218,-153.12,701.5450000000001,854.6650000000001,Normal
39,1013,2024-04-24 15:23:26.416866,257.17,ACH,Completed,Completed,0,202404,Cust_1013,West,2023-11-19 15:23:26.415171,-153.12,701.5450000000001,854.6650000000001,Normal
431,1019,2024-02-14 15:23:26.425017,232.58,ACH,Completed,Completed,0,202402,Cust_1019,West,2024-09-26 15:23:26.415227,-153.12,701.5450000000001,854.6650000000001,Normal
55,1011,2023-11-06 15:23:26.417186,228.57,Check,Completed,Completed,0,202311,Cust_1011,West,2025-09-27 15:23:26.415152,-153.12,701.5450000000001,854.6650000000001,Normal
297,1010,2025-06-22 15:23:26.422259,227.63,Check,Completed,Completed,0,202506,Cust_1010,West,2025-09-07 15:23:26.415142,-153.12,701.5450000000001,854.6650000000001,Normal
14,1016,2025-09-29 15:23:26.416370,224.6,Card,Completed,Completed,0,202509,Cust_1016,West,2024-09-28 15:23:26.415199,-153.12,701.5450000000001,854.6650000000001,Normal
317,1019,2024-01-08 15:23:26.422696,219.79,Check,Refunded,Refunded,0,202401,Cust_1019,West,2024-09-26 15:23:26.415227,-153.12,701.5450000000001,854.6650000000001,Normal
215,1018,2025-01-25 15:23:26.420542,219.71,Card,Completed,Completed,0,202501,Cust_1018,West,2024-11-17 15:23:26.415218,-153.12,701.5450000000001,854.6650000000001,Normal
360,1013,2025-05-20 15:23:26.423585,212.12,Check,Refunded,Refunded,0,202505,Cust_1013,West,2023-11-19 15:23:26.415171,-153.12,701.5450000000001,854.6650000000001,Normal
558,1018,2024-12-28 15:23:26.427751,204.4,Cash,Completed,Completed,0,202412,Cust_1018,West,2024-11-17 15:23:26.415218,-153.12,701.5450000000001,854.6650000000001,Normal
192,1016,2024-06-13 15:23:26.420059,185.98,Card,Completed,Completed,0,202406,Cust_1016,West,2024-09-28 15:23:26.415199,-153.12,701.5450000000001,854.6650000000001,Normal
503,1016,2024-05-19 15:23:26.426552,174.62,Cash,Completed,Completed,0,202405,Cust_1016,West,2024-09-28 15:23:26.415199,-153.12,701.5450000000001,854.6650000000001,Normal
163,1013,2025-02-06 15:23:26.419473,172.63,ACH,Completed,Completed,0,202502,Cust_1013,West,2023-11-19 15:23:26.415171,-153.12,701.5450000000001,854.6650000000001,Normal
346,1018,2025-01-08 15:23:26.423290,155.8,Cash,Completed,Completed,0,202501,Cust_1018,West,2024-11-17 15:23:26.415218,-153.12,701.5450000000001,854.6650000000001,Normal
133,1019,2024-07-24 15:23:26.418859,153.98,ACH,Completed,Completed,0,202407,Cust_1019,West,2024-09-26 15:23:26.415227,-153.12,701.5450000000001,854.6650000000001,Normal
131,1013,2025-06-03 15:23:26.418821,124.31,Check,Completed,Completed,0,202506,Cust_1013,West,2023-11-19 15:23:26.415171,-153.12,701.5450000000001,854.6650000000001,Normal
506,1010,2025-02-05 15:23:26.426611,112.12,ACH,Completed,Completed,0,202502,Cust_1010,West,2025-09-07 15:23:26.415142,-153.12,701.5450000000001,854.6650000000001,Normal
193,1010,2024-10-23 15:23:26.420079,105.88,Check,Refunded,Refunded,0,202410,Cust_1010,West,2025-09-07 15:23:26.415142,-153.12,701.5450000000001,854.6650000000001,Normal
571,1013,2024-03-15 15:23:26.428004,82.95,ACH,Completed,Completed,0,202403,Cust_1013,West,2023-11-19 15:23:26.415171,-153.12,701.5450000000001,854.6650000000001,Normal
19,1011,2024-03-25 15:23:26.416469,78.49,Card,Completed,Completed,0,202403,Cust_1011,West,2025-09-27 15:23:26.415152,-153.12,701.5450000000001,854.6650000000001,Normal
294,1016,2024-03-02 15:23:26.422200,77.32,Check,Completed,Completed,0,202403,Cust_1016,West,2024-09-28 15:23:26.415199,-153.12,701.5450000000001,854.6650000000001,Normal
150,1013,2025-09-11 15:23:26.419193,71.55,Check,Completed,Completed,0,202509,Cust_1013,West,2023-11-19 15:23:26.415171,-153.12,701.5450000000001,854.6650000000001,Normal
535,1011,2024-04-25 15:23:26.427238,69.68,Card,Completed,Completed,0,202404,Cust_1011,West,2025-09-27 15:23:26.415152,-153.12,701.5450000000001,854.6650000000001,Normal
243,1013,2025-05-13 15:23:26.421098,65.69,Check,Completed,Completed,0,202505,Cust_1013,West,2023-11-19 15:23:26.415171,-153.12,701.5450000000001,854.6650000000001,Normal
239,1016,2025-07-04 15:23:26.421015,63.78,Cash,Refunded,Refunded,0,202507,Cust_1016,West,2024-09-28 15:23:26.415199,-153.12,701.5450000000001,854.6650000000001,Normal
222,1013,2024-08-24 15:23:26.420677,59.63,ACH,Completed,Completed,0,202408,Cust_1013,West,2023-11-19 15:23:26.415171,-153.12,701.5450000000001,854.6650000000001,Normal
576,1019,2025-07-17 15:23:26.428112,-14.95,Check,Completed,Completed,1,202507,Cust_1019,West,2024-09-26 15:23:26.415227,-153.12,701.5450000000001,854.6650000000001,Normal
498,1018,2025-03-28 15:23:26.426454,-16.35,Check,Refunded,Refunded,1,202503,Cust_1018,West,2024-11-17 15:23:26.415218,-153.12,701.5450000000001,854.6650000000001,Normal
288,1010,2024-11-12 15:23:26.422083,-17.62,Card,Completed,Completed,1,202411,Cust_1010,West,2025-09-07 15:23:26.415142,-153.12,701.5450000000001,854.6650000000001,Normal
485,1018,2024-02-05 15:23:26.426159,-29.9,ACH,Completed,Completed,1,202402,Cust_1018,West,2024-11-17 15:23:26.415218,-153.12,701.5450000000001,854.6650000000001,Normal
52,1016,2024-11-06 15:23:26.417127,-30.22,Check,Completed,Completed,1,202411,Cust_1016,West,2024-09-28 15:23:26.415199,-153.12,701.5450000000001,854.6650000000001,Normal
286,1016,2025-08-10 15:23:26.422044,-31.23,Card,Completed,Completed,1,202508,Cust_1016,West,2024-09-28 15:23:26.415199,-153.12,701.5450000000001,854.6650000000001,Normal
510,1013,2025-10-11 15:23:26.426689,-34.32,ACH,Refunded,Refunded,1,202510,Cust_1013,West,2023-11-19 15:23:26.415171,-153.12,701.5450000000001,854.6650000000001,Normal
137,1019,2023-11-07 15:23:26.418938,-35.38,ACH,Refunded,Refunded,1,202311,Cust_1019,West,2024-09-26 15:23:26.415227,-153.12,701.5450000000001,854.6650000000001,Normal
364,1016,2024-12-10 15:23:26.423663,-37.64,Cash,Completed,Completed,1,202412,Cust_1016,West,2024-09-28 15:23:26.415199,-153.12,701.5450000000001,854.6650000000001,Normal
347,1011,2024-07-08 15:23:26.423314,-42.65,Cash,Refunded,Refunded,1,202407,Cust_1011,West,2025-09-27 15:23:26.415152,-153.12,701.5450000000001,854.6650000000001,Normal
31,1016,2025-06-29 15:23:26.416709,-62.05,Check,Completed,Completed,1,202506,Cust_1016,West,2024-09-28 15:23:26.415199,-153.12,701.5450000000001,854.6650000000001,Normal
229,1019,2024-01-02 15:23:26.420816,-70.19,Card,Completed,Completed,1,202401,Cust_1019,West,2024-09-26 15:23:26.415227,-153.12,701.5450000000001,854.6650000000001,Normal
41,1018,2025-04-30 15:23:26.416905,-93.91,Check,Completed,Completed,1,202504,Cust_1018,West,2024-11-17 15:23:26.415218,-153.12,701.5450000000001,854.6650000000001,Normal
62,1011,2025-02-10 15:23:26.417356,-96.15,ACH,Completed,Completed,1,202502,Cust_1011,West,2025-09-27 15:23:26.415152,-153.12,701.5450000000001,854.6650000000001,Normal
46,1016,2023-11-13 15:23:26.417006,-98.96,ACH,Completed,Completed,1,202311,Cust_1016,West,2024-09-28 15:23:26.415199,-153.12,701.5450000000001,854.6650000000001,Normal
403,1010,2023-12-10 15:23:26.424465,-112.85,Check,Completed,Completed,1,202312,Cust_1010,West,2025-09-07 15:23:26.415142,-153.12,701.5450000000001,854.6650000000001,Normal
277,1018,2023-12-11 15:23:26.421852,-118.13,Card,,Unknown,1,202312,Cust_1018,West,2024-11-17 15:23:26.415218,-153.12,701.5450000000001,854.6650000000001,Normal
389,1018,2024-02-17 15:23:26.424157,-127.37,Check,Refunded,Refunded,1,202402,Cust_1018,West,2024-11-17 15:23:26.415218,-153.12,701.5450000000001,854.6650000000001,Normal
410,1019,2023-10-26 15:23:26.424602,-131.33,Check,Completed,Completed,1,202310,Cust_1019,West,2024-09-26 15:23:26.415227,-153.12,701.5450000000001,854.6650000000001,Normal
408,1019,2025-02-03 15:23:26.424563,-131.9,Card,Completed,Completed,1,202502,Cust_1019,West,2024-09-26 15:23:26.415227,-153.12,701.5450000000001,854.6650000000001,Normal
580,1010,2025-04-03 15:23:26.428190,-139.81,Cash,Completed,Completed,1,202504,Cust_1010,West,2025-09-07 15:23:26.415142,-153.12,701.5450000000001,854.6650000000001,Normal
454,1011,2025-04-16 15:23:26.425498,-140.71,Check,Completed,Completed,1,202504,Cust_1011,West,2025-09-27 15:23:26.415152,-153.12,701.5450000000001,854.6650000000001,Normal
281,1019,2025-05-09 15:23:26.421931,-149.83,Check,Completed,Completed,1,202505,Cust_1019,West,2024-09-26 15:23:26.415227,-153.12,701.5450000000001,854.6650000000001,Normal
427,1019,2025-03-02 15:23:26.424937,-156.41,Cash,Completed,Completed,1,202503,Cust_1019,West,2024-09-26 15:23:26.415227,-153.12,701.5450000000001,854.6650000000001,Normal
456,1019,2024-11-11 15:23:26.425540,-167.73,Check,Completed,Completed,1,202411,Cust_1019,West,2024-09-26 15:23:26.415227,-153.12,701.5450000000001,854.6650000000001,Normal
488,1016,2025-05-19 15:23:26.426218,-168.59,Check,Completed,Completed,1,202505,Cust_1016,West,2024-09-28 15:23:26.415199,-153.12,701.5450000000001,854.6650000000001,Normal
341,1013,2025-05-15 15:23:26.423170,-183.95,Check,Completed,Completed,1,202505,Cust_1013,West,2023-11-19 15:23:26.415171,-153.12,701.5450000000001,854.6650000000001,Normal
101,1013,2025-05-29 15:23:26.418185,-220.16,Cash,Completed,Completed,1,202505,Cust_1013,West,2023-11-19 15:23:26.415171,-153.12,701.5450000000001,854.6650000000001,Normal
595,1011,2025-03-03 15:23:26.428527,-223.31,Cash,Completed,Completed,1,202503,Cust_1011,West,2025-09-27 15:23:26.415152,-153.12,701.5450000000001,854.6650000000001,Normal
401,1019,2025-10-18 15:23:26.424426,-245.5,Check,Refunded,Refunded,1,202510,Cust_1019,West,2024-09-26 15:23:26.415227,-153.12,701.5450000000001,854.6650000000001,Normal
54,1019,2024-11-09 15:23:26.417167,-252.72,ACH,Completed,Completed,1,202411,Cust_1019,West,2024-09-26 15:23:26.415227,-153.12,701.5450000000001,854.6650000000001,Normal
171,1016,2024-12-10 15:23:26.419641,-289.09,Cash,Completed,Completed,1,202412,Cust_1016,West,2024-09-28 15:23:26.415199,-153.12,701.5450000000001,854.6650000000001,Normal
373,1016,2025-09-18 15:23:26.423843,-301.04,ACH,Completed,Completed,1,202509,Cust_1016,West,2024-09-28 15:23:26.415199,-153.12,701.5450000000001,854.6650000000001,Normal
83,1011,2024-04-23 15:23:26.417822,-308.35,Check,Completed,Completed,1,202404,Cust_1011,West,2025-09-27 15:23:26.415152,-153.12,701.5450000000001,854.6650000000001,Normal
584,1018,2025-07-22 15:23:26.428303,-337.29,Card,Completed,Completed,1,202507,Cust_1018,West,2024-11-17 15:23:26.415218,-153.12,701.5450000000001,854.6650000000001,Normal
479,1018,2024-08-27 15:23:26.426043,-367.65,ACH,Completed,Completed,1,202408,Cust_1018,West,2024-11-17 15:23:26.415218,-153.12,701.5450000000001,854.6650000000001,Normal
570,1016,2024-06-07 15:23:26.427984,-384.76,ACH,Completed,Completed,1,202406,Cust_1016,West,2024-09-28 15:23:26.415199,-153.12,701.5450000000001,854.6650000000001,Normal
115,1016,2024-06-12 15:23:26.418498,-387.15,Cash,Completed,Completed,1,202406,Cust_1016,West,2024-09-28 15:23:26.415199,-153.12,701.5450000000001,854.6650000000001,Normal
237,1018,2025-02-12 15:23:26.420976,-387.91,Check,Completed,Completed,1,202502,Cust_1018,West,2024-11-17 15:23:26.415218,-153.12,701.5450000000001,854.6650000000001,Normal
162,1016,2023-12-14 15:23:26.419453,-395.37,ACH,Completed,Completed,1,202312,Cust_1016,West,2024-09-28 15:23:26.415199,-153.12,701.5450000000001,854.6650000000001,Normal
365,1019,2025-01-08 15:23:26.423682,-410.14,Cash,Refunded,Refunded,1,202501,Cust_1019,West,2024-09-26 15:23:26.415227,-153.12,701.5450000000001,854.6650000000001,Normal
165,1019,2025-03-12 15:23:26.419516,-433.16,Cash,Completed,Completed,1,202503,Cust_1019,West,2024-09-26 15:23:26.415227,-153.12,701.5450000000001,854.6650000000001,Normal
468,1010,2024-10-10 15:23:26.425822,-439.04,ACH,Completed,Completed,1,202410,Cust_1010,West,2025-09-07 15:23:26.415142,-153.12,701.5450000000001,854.6650000000001,Normal
35,1019,2024-04-12 15:23:26.416788,-441.77,Check,Completed,Completed,1,202404,Cust_1019,West,2024-09-26 15:23:26.415227,-153.12,701.5450000000001,854.6650000000001,Normal
120,1018,2025-07-10 15:23:26.418596,-452.94,ACH,Completed,Completed,1,202507,Cust_1018,West,2024-11-17 15:23:26.415218,-153.12,701.5450000000001,854.6650000000001,Normal
381,1013,2025-01-08 15:23:26.424000,-458.3,ACH,Refunded,Refunded,1,202501,Cust_1013,West,2023-11-19 15:23:26.415171,-153.12,701.5450000000001,854.6650000000001,Normal
307,1010,2023-11-11 15:23:26.422501,-464.95,ACH,Completed,Completed,1,202311,Cust_1010,West,2025-09-07 15:23:26.415142,-153.12,701.5450000000001,854.6650000000001,Normal
433,1016,2024-02-19 15:23:26.425056,-499.2,Cash,Completed,Completed,1,202402,Cust_1016,West,2024-09-28 15:23:26.415199,-153.12,701.5450000000001,854.6650000000001,Normal
262,1013,2025-04-10 15:23:26.421506,-513.04,ACH,Completed,Completed,1,202504,Cust_1013,West,2023-11-19 15:23:26.415171,-153.12,701.5450000000001,854.6650000000001,Normal
442,1013,2025-08-30 15:23:26.425237,-526.55,ACH,Completed,Completed,1,202508,Cust_1013,West,2023-11-19 15:23:26.415171,-153.12,701.5450000000001,854.6650000000001,Normal
448,1011,2024-10-15 15:23:26.425381,-527.12,ACH,Completed,Completed,1,202410,Cust_1011,West,2025-09-27 15:23:26.415152,-153.12,701.5450000000001,854.6650000000001,Normal
5,1010,2025-09-04 15:23:26.416140,-559.97,Card,Completed,Completed,1,202509,Cust_1010,West,2025-09-07 15:23:26.415142,-153.12,701.5450000000001,854.6650000000001,Normal
544,1019,2024-04-04 15:23:26.427463,-567.89,Check,Completed,Completed,1,202404,Cust_1019,West,2024-09-26 15:23:26.415227,-153.12,701.5450000000001,854.6650000000001,Normal
77,1018,2024-04-06 15:23:26.417653,-587.76,ACH,Completed,Completed,1,202404,Cust_1018,West,2024-11-17 15:23:26.415218,-153.12,701.5450000000001,854.6650000000001,Normal
438,1010,2024-07-31 15:23:26.425159,-595.05,Cash,Completed,Completed,1,202407,Cust_1010,West,2025-09-07 15:23:26.415142,-153.12,701.5450000000001,854.6650000000001,Normal
451,1011,2025-10-18 15:23:26.425440,-618.31,Cash,Completed,Completed,1,202510,Cust_1011,West,2025-09-27 15:23:26.415152,-153.12,701.5450000000001,854.6650000000001,Normal
251,1016,2025-02-13 15:23:26.421255,-624.34,ACH,Refunded,Refunded,1,202502,Cust_1016,West,2024-09-28 15:23:26.415199,-153.12,701.5450000000001,854.6650000000001,Normal
405,1013,2024-03-13 15:23:26.424505,-633.53,Card,Completed,Completed,1,202403,Cust_1013,West,2023-11-19 15:23:26.415171,-153.12,701.5450000000001,854.6650000000001,Normal
66,1016,2024-07-17 15:23:26.417435,-682.36,ACH,Completed,Completed,1,202407,Cust_1016,West,2024-09-28 15:23:26.415199,-153.12,701.5450000000001,854.6650000000001,Normal
116,1019,2024-05-19 15:23:26.418518,-734.4,Check,Completed,Completed,1,202405,Cust_1019,West,2024-09-26 15:23:26.415227,-153.12,701.5450000000001,854.6650000000001,Normal
370,1019,2024-08-12 15:23:26.423785,-735.76,Cash,Completed,Completed,1,202408,Cust_1019,West,2024-09-26 15:23:26.415227,-153.12,701.5450000000001,854.6650000000001,Normal
308,1019,2025-01-04 15:23:26.422520,-790.18,Cash,Completed,Completed,1,202501,Cust_1019,West,2024-09-26 15:23:26.415227,-153.12,701.5450000000001,854.6650000000001,Normal
153,1016,2023-11-12 15:23:26.419251,-802.53,ACH,Completed,Completed,1,202311,Cust_1016,West,2024-09-28 15:23:26.415199,-153.12,701.5450000000001,854.6650000000001,Normal
311,1011,2025-07-02 15:23:26.422579,-838.06,Cash,Completed,Completed,1,202507,Cust_1011,West,2025-09-27 15:23:26.415152,-153.12,701.5450000000001,854.6650000000001,Normal
356,1013,2025-08-13 15:23:26.423490,-848.09,Check,Refunded,Refunded,1,202508,Cust_1013,West,2023-11-19 15:23:26.415171,-153.12,701.5450000000001,854.6650000000001,Normal
20,1019,2025-08-24 15:23:26.416488,-880.48,ACH,Completed,Completed,1,202508,Cust_1019,West,2024-09-26 15:23:26.415227,-153.12,701.5450000000001,854.6650000000001,Normal
418,1018,2023-11-21 15:23:26.424762,-914.87,Card,Completed,Completed,1,202311,Cust_1018,West,2024-11-17 15:23:26.415218,-153.12,701.5450000000001,854.6650000000001,Normal
591,1016,2024-08-16 15:23:26.428445,-1028.73,Cash,Refunded,Refunded,1,202408,Cust_1016,West,2024-09-28 15:23:26.415199,-153.12,701.5450000000001,854.6650000000001,Normal
129,1010,2025-01-28 15:23:26.418775,-1091.88,Cash,Completed,Completed,1,202501,Cust_1010,West,2025-09-07 15:23:26.415142,-153.12,701.5450000000001,854.6650000000001,Normal
36,1018,2025-03-13 15:23:26.416807,-1318.36,ACH,Completed,Completed,1,202503,Cust_1018,West,2024-11-17 15:23:26.415218,-153.12,701.5450000000001,854.6650000000001,Normal
512,1018,2024-02-29 15:23:26.426728,-1653.4,Cash,Completed,Completed,1,202402,Cust_1018,West,2024-11-17 15:23:26.415218,-153.12,701.5450000000001,854.6650000000001,Low
